{
	"info": {
		"_postman_id": "5e3784f1-3062-43a1-96e4-a7932730e1b9",
		"name": "instagram",
		"schema": "https://schema.getpostman.com/json/collection/v2.1.0/collection.json",
		"_exporter_id": "34018343"
	},
	"item": [
		{
			"name": "getStreamDetails",
			"request": {
				"method": "POST",
				"header": [],
				"body": {
					"mode": "raw",
					"raw": "{\n    \"Audience\":\"Practice\",\n    \"Title\":\"Live from Beladed\"\n}",
					"options": {
						"raw": {
							"language": "json"
						}
					}
				},
				"url": {
					"raw": "http://localhost:3000/GetStreamDetails",
					"protocol": "http",
					"host": [
						"localhost"
					],
					"port": "3000",
					"path": [
						"GetStreamDetails"
					]
				}
			},
			"response": []
		},
		{
			"name": "logout",
			"request": {
				"method": "POST",
				"header": [],
				"url": {
					"raw": "http://localhost:3000/logout",
					"protocol": "http",
					"host": [
						"localhost"
					],
					"port": "3000",
					"path": [
						"logout"
					]
				}
			},
			"response": []
		},
		{
			"name": "Login",
			"request": {
				"method": "POST",
				"header": [],
				"body": {
					"mode": "raw",
					"raw": "{\n    \"username\":\"_far__q\",\n    \"password\":\"@pass:1312006\"\n}",
					"options": {
						"raw": {
							"language": "json"
						}
					}
				},
				"url": {
					"raw": "http://localhost:3000/login",
					"protocol": "http",
					"host": [
						"localhost"
					],
					"port": "3000",
					"path": [
						"login"
					]
				}
			},
			"response": []
		},
		{
			"name": "goLive",
			"request": {
				"method": "POST",
				"header": [],
				"url": {
					"raw": "http://localhost:3000/goLive",
					"protocol": "http",
					"host": [
						"localhost"
					],
					"port": "3000",
					"path": [
						"goLive"
					]
				}
			},
			"response": []
		},
		{
			"name": "stopStream",
			"request": {
				"method": "POST",
				"header": [],
				"url": {
					"raw": "http://localhost:3000/stopLiveStream",
					"protocol": "http",
					"host": [
						"localhost"
					],
					"port": "3000",
					"path": [
						"stopLiveStream"
					]
				}
			},
			"response": []
		}
	]
}