{
	"info": {
		"_postman_id": "f4bee93d-ebdd-465e-b20c-845439291c8d",
		"name": "ICloud",
		"schema": "https://schema.getpostman.com/json/collection/v2.1.0/collection.json",
		"_exporter_id": "36549646"
	},
	"item": [
		{
			"name": "login",
			"request": {
				"method": "POST",
				"header": [],
				"body": {
					"mode": "raw",
					"raw": "{\r\n    \"email\":\"afifabutt2003@gmail.com\",\r\n    \"password\":\"Gormey123\"\r\n}",
					"options": {
						"raw": {
							"language": "json"
						}
					}
				},
				"url": {
					"raw": "http://localhost:3000/login",
					"protocol": "http",
					"host": [
						"localhost"
					],
					"port": "3000",
					"path": [
						"login"
					]
				}
			},
			"response": []
		},
		{
			"name": "http://localhost:3000/init",
			"request": {
				"method": "POST",
				"header": [],
				"url": {
					"raw": "http://localhost:3000/init",
					"protocol": "http",
					"host": [
						"localhost"
					],
					"port": "3000",
					"path": [
						"init"
					]
				}
			},
			"response": []
		},
		{
			"name": "http://localhost:3000/searchHashtagInInbox",
			"request": {
				"method": "POST",
				"header": [],
				"body": {
					"mode": "raw",
					"raw": "{\r\n    \"hashtag\":\"work\"\r\n}",
					"options": {
						"raw": {
							"language": "json"
						}
					}
				},
				"url": {
					"raw": "http://localhost:3000/searchHashtagInInbox",
					"protocol": "http",
					"host": [
						"localhost"
					],
					"port": "3000",
					"path": [
						"searchHashtagInInbox"
					]
				}
			},
			"response": []
		},
		{
			"name": "http://localhost:3000/searchHashtagInSent",
			"request": {
				"method": "POST",
				"header": [],
				"body": {
					"mode": "raw",
					"raw": "{\r\n    \"hashtag\":\"welcome\"\r\n}",
					"options": {
						"raw": {
							"language": "json"
						}
					}
				},
				"url": {
					"raw": "http://localhost:3000/searchHashtagInSent",
					"protocol": "http",
					"host": [
						"localhost"
					],
					"port": "3000",
					"path": [
						"searchHashtagInSent"
					]
				}
			},
			"response": []
		},
		{
			"name": "http://localhost:3000/logout",
			"request": {
				"method": "POST",
				"header": [],
				"url": {
					"raw": "http://localhost:3000/logout",
					"protocol": "http",
					"host": [
						"localhost"
					],
					"port": "3000",
					"path": [
						"logout"
					]
				}
			},
			"response": []
		},
		{
			"name": "http://localhost:3000/check-duplicate",
			"request": {
				"method": "POST",
				"header": [],
				"body": {
					"mode": "raw",
					"raw": "{\r\n    \"to\":\"afifabutt2003@gmail.com\",\r\n    \"subject\":\"hello\"\r\n}",
					"options": {
						"raw": {
							"language": "json"
						}
					}
				},
				"url": {
					"raw": "http://localhost:3000/check-duplicate",
					"protocol": "http",
					"host": [
						"localhost"
					],
					"port": "3000",
					"path": [
						"check-duplicate"
					]
				}
			},
			"response": []
		}
	]
}