{
	"info": {
		"_postman_id": "d10f194b-207c-47c5-a138-abb09be71300",
		"name": "Gmail",
		"schema": "https://schema.getpostman.com/json/collection/v2.1.0/collection.json",
		"_exporter_id": "36549646"
	},
	"item": [
		{
			"name": "login",
			"request": {
				"method": "POST",
				"header": [],
				"body": {
					"mode": "raw",
					"raw": "{\r\n    \"email\":\"xyz51582@gmail.com\",\r\n    \"password\":\"Aloc23522003\"\r\n}",
					"options": {
						"raw": {
							"language": "json"
						}
					}
				},
				"url": {
					"raw": "http://localhost:3000/login",
					"protocol": "http",
					"host": [
						"localhost"
					],
					"port": "3000",
					"path": [
						"login"
					]
				}
			},
			"response": []
		},
		{
			"name": "search inbox hashtag",
			"request": {
				"method": "POST",
				"header": [],
				"body": {
					"mode": "raw",
					"raw": "{\r\n  \"query\": \"request\"\r\n}",
					"options": {
						"raw": {
							"language": "json"
						}
					}
				},
				"url": {
					"raw": "http://localhost:3000/search-inbox",
					"protocol": "http",
					"host": [
						"localhost"
					],
					"port": "3000",
					"path": [
						"search-inbox"
					]
				}
			},
			"response": []
		},
		{
			"name": "search sent hashtag",
			"request": {
				"method": "POST",
				"header": [],
				"body": {
					"mode": "raw",
					"raw": "{\r\n  \"query\": \"support\"\r\n}\r\n",
					"options": {
						"raw": {
							"language": "json"
						}
					}
				},
				"url": {
					"raw": "http://localhost:3000/search-sent",
					"protocol": "http",
					"host": [
						"localhost"
					],
					"port": "3000",
					"path": [
						"search-sent"
					]
				}
			},
			"response": []
		},
		{
			"name": "check-duplicate-email from the sentbox  before sending the email.",
			"request": {
				"method": "POST",
				"header": [],
				"body": {
					"mode": "raw",
					"raw": "{\r\n    \"to\":\"xyz@gmail.com\",\r\n    \"subject\":\"hello\"\r\n}",
					"options": {
						"raw": {
							"language": "json"
						}
					}
				},
				"url": {
					"raw": "http://localhost:3000/check-duplicate-email",
					"protocol": "http",
					"host": [
						"localhost"
					],
					"port": "3000",
					"path": [
						"check-duplicate-email"
					]
				}
			},
			"response": []
		},
		{
			"name": "send email",
			"request": {
				"method": "POST",
				"header": [],
				"body": {
					"mode": "raw",
					"raw": "{\r\n  \"to\": \"support@steampowered.com\",\r\n  \"subject\": \"Request for Assistance with RTMP Token, Groups and Broadcast Restrictions to be removed\",\r\n  \"body\": \"Dear Steam Support Team, I hope this message finds you well. I am currently facing an issue where I am restricted from broadcasting and fetching the RTMP token on Steam. I would like to request assistance in resolving this issue so that I can fully utilize the broadcasting features available on the platform. Could you please guide me on the steps required to gain access to both broadcasting and fetching the RTMP token? If there are any specific requirements or settings that need to be adjusted on my account, I would appreciate your help in navigating this process. Please grant me access for rtmp token and broadcast. Thank you for your time and support.\",\r\n  \"checkForDuplicates\":true\r\n}\r\n",
					"options": {
						"raw": {
							"language": "json"
						}
					}
				},
				"url": {
					"raw": "http://localhost:3000/send-email",
					"protocol": "http",
					"host": [
						"localhost"
					],
					"port": "3000",
					"path": [
						"send-email"
					]
				}
			},
			"response": []
		}
	]
}