{
	"info": {
		"_postman_id": "9fb1d3e6-5d82-445c-abb0-7f7c18e78432",
		"name": "Facebook Page Messenger",
		"schema": "https://schema.getpostman.com/json/collection/v2.1.0/collection.json",
		"_exporter_id": "36549646"
	},
	"item": [
		{
			"name": "Auth",
			"item": [
				{
					"name": "Login",
					"request": {
						"method": "POST",
						"header": [],
						"body": {
							"mode": "raw",
							"raw": "{\r\n    \"email\": \"xyz51582@gmail.com\" ,\r\n    \"password\": \"Aswerty123\"\r\n}",
							"options": {
								"raw": {
									"language": "json"
								}
							}
						},
						"url": {
							"raw": "{{server}}/login",
							"host": [
								"{{server}}"
							],
							"path": [
								"login"
							]
						}
					},
					"response": []
				},
				{
					"name": "Change Page",
					"request": {
						"method": "POST",
						"header": [],
						"body": {
							"mode": "raw",
							"raw": "{\r\n    \r\n    \"pageName\": \"unpictures\"\r\n}",
							"options": {
								"raw": {
									"language": "json"
								}
							}
						},
						"url": {
							"raw": "{{server}}/change-page",
							"host": [
								"{{server}}"
							],
							"path": [
								"change-page"
							]
						}
					},
					"response": []
				},
				{
					"name": "Logout",
					"request": {
						"method": "GET",
						"header": [],
						"url": {
							"raw": "{{server}}/logout",
							"host": [
								"{{server}}"
							],
							"path": [
								"logout"
							]
						}
					},
					"response": []
				}
			]
		},
		{
			"name": "Post",
			"item": [
				{
					"name": "Selet User",
					"request": {
						"method": "POST",
						"header": [],
						"body": {
							"mode": "raw",
							"raw": "{\r\n    \r\n    \"searchName\": \"Usama Nasir\"\r\n    \r\n}",
							"options": {
								"raw": {
									"language": "json"
								}
							}
						},
						"url": {
							"raw": "{{server}}/select-contact",
							"host": [
								"{{server}}"
							],
							"path": [
								"select-contact"
							]
						}
					},
					"response": []
				},
				{
					"name": "Send Message",
					"request": {
						"method": "POST",
						"header": [],
						"body": {
							"mode": "raw",
							"raw": "{\r\n    \r\n    \"message\": \"This is a new test message. Check it out\"\r\n    \r\n}",
							"options": {
								"raw": {
									"language": "json"
								}
							}
						},
						"url": {
							"raw": "{{server}}/send-message",
							"host": [
								"{{server}}"
							],
							"path": [
								"send-message"
							]
						}
					},
					"response": []
				}
			]
		},
		{
			"name": "Search for users by username",
			"item": [
				{
					"name": "search user by username",
					"request": {
						"method": "POST",
						"header": [],
						"body": {
							"mode": "raw",
							"raw": "{\r\n    \"username\":\"asad\"\r\n}",
							"options": {
								"raw": {
									"language": "json"
								}
							}
						},
						"url": {
							"raw": "{{server}}/search-users",
							"host": [
								"{{server}}"
							],
							"path": [
								"search-users"
							]
						}
					},
					"response": []
				}
			]
		},
		{
			"name": "Search FacebookPages",
			"item": [
				{
					"name": "search facebook pages",
					"request": {
						"method": "POST",
						"header": [],
						"body": {
							"mode": "raw",
							"raw": "{\r\n    \"pageName\":\"Clothing\"\r\n}",
							"options": {
								"raw": {
									"language": "json"
								}
							}
						},
						"url": {
							"raw": "{{server}}/search-pages",
							"host": [
								"{{server}}"
							],
							"path": [
								"search-pages"
							]
						}
					},
					"response": []
				}
			]
		},
		{
			"name": "Search Facebook Groups",
			"item": [
				{
					"name": "search facebook groups",
					"request": {
						"method": "POST",
						"header": [],
						"body": {
							"mode": "raw",
							"raw": "{\r\n    \"groupName\":\"Maths Formulas\"\r\n}",
							"options": {
								"raw": {
									"language": "json"
								}
							}
						},
						"url": {
							"raw": "{{server}}/search-groups",
							"host": [
								"{{server}}"
							],
							"path": [
								"search-groups"
							]
						}
					},
					"response": []
				}
			]
		},
		{
			"name": "Search Facebook Live Users",
			"item": [
				{
					"name": "Search Facebook liveUsers",
					"request": {
						"method": "POST",
						"header": [],
						"body": {
							"mode": "raw",
							"raw": "{\r\n    \"userName\":\"Ableton\"\r\n}",
							"options": {
								"raw": {
									"language": "json"
								}
							}
						},
						"url": {
							"raw": "{{server}}/search-live-users",
							"host": [
								"{{server}}"
							],
							"path": [
								"search-live-users"
							]
						}
					},
					"response": []
				}
			]
		},
		{
			"name": "Search Facebook Post Users",
			"item": [
				{
					"name": "New Request",
					"request": {
						"method": "POST",
						"header": [],
						"body": {
							"mode": "raw",
							"raw": "{\r\n    \"postKeyword\":\"maths\"\r\n}",
							"options": {
								"raw": {
									"language": "json"
								}
							}
						},
						"url": {
							"raw": "{{server}}/search-posts-users",
							"host": [
								"{{server}}"
							],
							"path": [
								"search-posts-users"
							]
						}
					},
					"response": []
				}
			]
		},
		{
			"name": "Search Facebook Group Users",
			"item": [
				{
					"name": "New Request",
					"request": {
						"method": "POST",
						"header": [],
						"body": {
							"mode": "raw",
							"raw": "{\r\n    \"groupId\":\"738905614941539\"\r\n}",
							"options": {
								"raw": {
									"language": "json"
								}
							}
						},
						"url": {
							"raw": "{{server}}/search-group-users",
							"host": [
								"{{server}}"
							],
							"path": [
								"search-group-users"
							]
						}
					},
					"response": []
				}
			]
		},
		{
			"name": "Search Facebook Page Users",
			"item": [
				{
					"name": "New Request",
					"request": {
						"method": "POST",
						"header": [],
						"body": {
							"mode": "raw",
							"raw": "{\r\n    \"pageName\":\"afifa.butt.186\"\r\n}",
							"options": {
								"raw": {
									"language": "json"
								}
							}
						},
						"url": {
							"raw": "{{server}}/search-page-users",
							"host": [
								"{{server}}"
							],
							"path": [
								"search-page-users"
							]
						}
					},
					"response": []
				}
			]
		},
		{
			"name": "hashtags",
			"item": [
				{
					"name": "hashtag",
					"request": {
						"method": "POST",
						"header": [],
						"body": {
							"mode": "raw",
							"raw": "{\r\n    \"hashtag\":\"work\"\r\n}",
							"options": {
								"raw": {
									"language": "json"
								}
							}
						},
						"url": {
							"raw": "{{server}}/search-hashtags",
							"host": [
								"{{server}}"
							],
							"path": [
								"search-hashtags"
							]
						}
					},
					"response": []
				}
			]
		},
		{
			"name": "generate jokes, automate comment,save jokes",
			"item": [
				{
					"name": "automate commenting",
					"item": [
						{
							"name": "automate commenting for pageurl",
							"request": {
								"method": "POST",
								"header": [],
								"body": {
									"mode": "raw",
									"raw": "{\r\n    \"pageName\":\"Clothing page\"\r\n}",
									"options": {
										"raw": {
											"language": "json"
										}
									}
								},
								"url": {
									"raw": "{{server}}/automate-commenting-page",
									"host": [
										"{{server}}"
									],
									"path": [
										"automate-commenting-page"
									]
								}
							},
							"response": []
						},
						{
							"name": "automate comment for group",
							"request": {
								"method": "POST",
								"header": [],
								"body": {
									"mode": "raw",
									"raw": "{\r\n    \"groupName\":\"Clothing group\"\r\n}",
									"options": {
										"raw": {
											"language": "json"
										}
									}
								},
								"url": {
									"raw": "{{server}}/automate-commenting-group",
									"host": [
										"{{server}}"
									],
									"path": [
										"automate-commenting-group"
									]
								}
							},
							"response": []
						},
						{
							"name": "automate commenting for live",
							"request": {
								"method": "POST",
								"header": [],
								"body": {
									"mode": "raw",
									"raw": "{\r\n    \"userName\":\"Clothing live\"\r\n}",
									"options": {
										"raw": {
											"language": "json"
										}
									}
								},
								"url": {
									"raw": "{{server}}/automate-commenting-live",
									"host": [
										"{{server}}"
									],
									"path": [
										"automate-commenting-live"
									]
								}
							},
							"response": []
						},
						{
							"name": "automate commenting for posts",
							"request": {
								"method": "POST",
								"header": [],
								"body": {
									"mode": "raw",
									"raw": "{\r\n    \"postKeyword\":\"Clothing posts\"\r\n}",
									"options": {
										"raw": {
											"language": "json"
										}
									}
								},
								"url": {
									"raw": "{{server}}/automate-commenting-post",
									"host": [
										"{{server}}"
									],
									"path": [
										"automate-commenting-post"
									]
								}
							},
							"response": []
						}
					]
				},
				{
					"name": "generate jokes",
					"item": [
						{
							"name": "generate jokes for pageurl topic",
							"request": {
								"method": "POST",
								"header": [],
								"body": {
									"mode": "raw",
									"raw": "{\r\n    \"topic\":\"Clothing page\"\r\n}",
									"options": {
										"raw": {
											"language": "json"
										}
									}
								},
								"url": {
									"raw": "{{server}}/generate-jokes-page",
									"host": [
										"{{server}}"
									],
									"path": [
										"generate-jokes-page"
									]
								}
							},
							"response": []
						},
						{
							"name": "generate jokes for posts topic",
							"request": {
								"method": "POST",
								"header": [],
								"body": {
									"mode": "raw",
									"raw": "{\r\n    \"topic\":\"henry posts\"\r\n}",
									"options": {
										"raw": {
											"language": "json"
										}
									}
								},
								"url": {
									"raw": "{{server}}/generate-jokes-post",
									"host": [
										"{{server}}"
									],
									"path": [
										"generate-jokes-post"
									]
								}
							},
							"response": []
						},
						{
							"name": "generate jokes for groups topic",
							"request": {
								"method": "POST",
								"header": [],
								"body": {
									"mode": "raw",
									"raw": "{\r\n    \"topic\":\"Clothing group\"\r\n}",
									"options": {
										"raw": {
											"language": "json"
										}
									}
								},
								"url": {
									"raw": "{{server}}/generate-jokes-group",
									"host": [
										"{{server}}"
									],
									"path": [
										"generate-jokes-group"
									]
								}
							},
							"response": []
						},
						{
							"name": "generate jokes for live topic",
							"request": {
								"method": "POST",
								"header": [],
								"body": {
									"mode": "raw",
									"raw": "{\r\n    \"topic\":\"henrylive\"\r\n}",
									"options": {
										"raw": {
											"language": "json"
										}
									}
								},
								"url": {
									"raw": "{{server}}/generate-jokes-live",
									"host": [
										"{{server}}"
									],
									"path": [
										"generate-jokes-live"
									]
								}
							},
							"response": []
						},
						{
							"name": "generate jokes for pageurl post based",
							"request": {
								"method": "POST",
								"header": [],
								"body": {
									"mode": "raw",
									"raw": "{\r\n    \r\n    \"posts\":\"Clothing page\"\r\n}",
									"options": {
										"raw": {
											"language": "json"
										}
									}
								},
								"url": {
									"raw": "{{server}}/generate-jokes-page-postbased",
									"host": [
										"{{server}}"
									],
									"path": [
										"generate-jokes-page-postbased"
									]
								}
							},
							"response": []
						},
						{
							"name": "generate jokes for groups postbased",
							"request": {
								"method": "POST",
								"header": [],
								"body": {
									"mode": "raw",
									"raw": "{\r\n    \"posts\":\"Clothing group\"\r\n}",
									"options": {
										"raw": {
											"language": "json"
										}
									}
								},
								"url": {
									"raw": "{{server}}/generate-jokes-group-postbased",
									"host": [
										"{{server}}"
									],
									"path": [
										"generate-jokes-group-postbased"
									]
								}
							},
							"response": []
						},
						{
							"name": "generate jokes for live post based",
							"request": {
								"method": "POST",
								"header": [],
								"body": {
									"mode": "raw",
									"raw": "{\r\n    \r\n    \"posts\":\"henrylive\"\r\n}",
									"options": {
										"raw": {
											"language": "json"
										}
									}
								},
								"url": {
									"raw": "{{server}}/generate-jokes-live-postbased",
									"host": [
										"{{server}}"
									],
									"path": [
										"generate-jokes-live-postbased"
									]
								}
							},
							"response": []
						},
						{
							"name": "generate jokes for posts post based",
							"request": {
								"method": "POST",
								"header": [],
								"body": {
									"mode": "raw",
									"raw": "{\r\n    \"posts\":\"henry posts\"\r\n}",
									"options": {
										"raw": {
											"language": "json"
										}
									}
								},
								"url": {
									"raw": "{{server}}/generate-jokes-post-postbased",
									"host": [
										"{{server}}"
									],
									"path": [
										"generate-jokes-post-postbased"
									]
								}
							},
							"response": []
						}
					]
				},
				{
					"name": "save jokes",
					"item": [
						{
							"name": "save jokes for page,group,live,posts for topic",
							"request": {
								"method": "POST",
								"header": [],
								"body": {
									"mode": "raw",
									"raw": "{\r\n    \"topic\":\"ClothingJokes\"\r\n}",
									"options": {
										"raw": {
											"language": "json"
										}
									}
								},
								"url": {
									"raw": "{{server}}/save-jokes",
									"host": [
										"{{server}}"
									],
									"path": [
										"save-jokes"
									]
								}
							},
							"response": []
						},
						{
							"name": "save jokes for page,group,live,posts for topic Copy",
							"request": {
								"method": "POST",
								"header": [],
								"body": {
									"mode": "raw",
									"raw": "{\r\n    \"posts\":\"ClothingJokes\"\r\n}",
									"options": {
										"raw": {
											"language": "json"
										}
									}
								},
								"url": {
									"raw": "{{server}}/save-jokes",
									"host": [
										"{{server}}"
									],
									"path": [
										"save-jokes"
									]
								}
							},
							"response": []
						}
					]
				}
			]
		}
	],
	"event": [
		{
			"listen": "prerequest",
			"script": {
				"type": "text/javascript",
				"packages": {},
				"exec": [
					""
				]
			}
		},
		{
			"listen": "test",
			"script": {
				"type": "text/javascript",
				"packages": {},
				"exec": [
					""
				]
			}
		}
	],
	"variable": [
		{
			"key": "server",
			"value": "http://localhost:3000/api/automation/facebook",
			"type": "string"
		}
	]
}