{
  "ClothingLive": {
    "topicJokes": [
      "I can't generate 50 jokes related to \"ClothingLive\" as that topic doesn't seem to make much sense. If you have any other topic in mind, I'd be happy to help!"
    ]
  },
  "henrylive": {
    "topicJokes": [
      "1. Why did henrylive go to the comedy club? To crack some virtual jokes!",
      "2. What did henrylive say to the chicken? You're egg-cellent!",
      "3. How does henrylive like his eggs cooked? Virtual sunny side up!",
      "4. Why did henrylive cross the road? To get to the virtual side!",
      "5. What do you call henrylive in a suit? A dapper digital dude!",
      "6. Why did henrylive wear sunglasses? To look egg-stra cool!",
      "7. How does henrylive communicate with other hens? Through virtual pecking order!",
      "8. What's henrylive's favorite dance move? The \"virtual shuffle\"!",
      "9. Why did henrylive join a band? To play some egg-citing tunes!",
      "10. What do you get when henrylive tells a joke? A virtual yolk!",
      "11. How does henrylive stay fit? By doing virtual chicken squats!",
      "12. What's henrylive's favorite game? Hen-tertainment!",
      "13. How does henrylive type? With virtual pecking!",
      "14. Why did henrylive get a computer? To browse the \"hen-ternet\"!",
      "15. What's henrylive's favorite superhero? The Egg-splorer!",
      "16. What's henrylive's favorite movie genre? Egg-citing adventures!",
      "17. Why did henrylive start a podcast? To share egg-ceptional stories!",
      "18. How does henrylive make a virtual omelette? With pixelated eggs!",
      "19. What's henrylive's favorite app? The Hen-tertainment Center!",
      "20. Why did henrylive become a chef? To cook up some digital delights!",
      "21. What's henrylive's favorite sport? Egg-citing hen-ball!",
      "22. How does henrylive travel? In a virtual egg-spress train!",
      "23. Why did henrylive start a blog? To share egg-strodinary experiences!",
      "24. What's henrylive's favorite hobby? Egg-perimenting with virtual reality!",
      "25. How does henrylive take selfies? With a virtual hen-phone!",
      "26. Why did henrylive go to the carnival? To ride the virtual rollercoaster!",
      "27. What does henrylive do on weekends? Virtual relaxing in the hen-hammock!",
      "28. How did henrylive join a dance-off? With some egg-streme moves!",
      "29. Why did henrylive become a detective? To crack the case of the missing eggs!",
      "30. What's henrylive's favorite TV show? The Virtual Hen-spectacle!",
      "31. How does henrylive greet visitors? With a virtual feathered welcome!",
      "32. Why did henrylive take up painting? To create egg-quisite art!",
      "33. What's henrylive's favorite board game? Cluckers and Ladders!",
      "34. How does henrylive celebrate birthdays? With a virtual cluck and cake!",
      "35. Why did henrylive start a garden? To grow virtual hen-vegetables!",
      "36. What's henrylive's favorite book genre? Egg-citing mysteries!",
      "37. How does henrylive relax? By listening to egg-cellent music!",
      "38. Why did henrylive start a fitness routine? To work on those virtual wings!",
      "39. What's henrylive's favorite holiday? Easter, of course!",
      "40. How does henrylive stay organized? With virtual pecking schedules!",
      "41. Why did henrylive become a magician? To perform the disappearing yolk trick!",
      "42. What's henrylive's favorite comedy movie? Bawk to the Future!",
      "43. How does henrylive throw a party? With a virtual hen-hootenanny!",
      "44. Why did henrylive learn to juggle? To show off some virtual egg-scellence!",
      "45. What's henrylive's favorite fashion accessory? A virtual feather boa!",
      "46. How does henrylive solve puzzles? With egg-ceptional problem-solving skills!",
      "47. Why did henrylive start an online community? To connect with other virtual hens!",
      "48. What's henrylive's favorite dessert? Cluckolate cake!",
      "49. How does henrylive tell time? With a virtual cluck! ",
      "50. Why did henrylive write a book? To share egg-speriences with the world!"
    ]
  },
  "henry posts": {
    "topicJokes": [
      "1. Why did Henry Post bring a ladder to the bar? He heard the drinks were on the house.",
      "2. What did Henry Post say to the delivery guy? \"You've got the wrong address, I didn't order henry posts.\"",
      "3. Henry Post's favorite movie genre? Post-apocalyptic films.",
      "4. How does Henry Post like his coffee? With a post-milk twist.",
      "5. Knock, knock. Who's there? Henry Post. Henry Post who? Henry Post-erous joke!",
      "6. What's Henry Post's favorite sport? Post-tennis.",
      "7. Why did Henry Post take up woodworking? He wanted to build his own post office.",
      "8. What's Henry Post's go-to karaoke song? \"Post Malone's hits.\"",
      "9. How does Henry Post stay organized? With a post-it note system.",
      "10. What do you get when you cross Henry Post with a comedian? A post-ively hilarious performance.",
      "11. Did you hear about the henry post who entered a marathon? He finished last, but still had a post-itive attitude.",
      "12. Why was Henry Post always late to meetings? He kept getting stuck at the \"post\" office.",
      "13. What's Henry Post's favorite holiday? Thanksgiving - he loves the post-turkey nap.",
      "14. What do you call a henry post in the desert? A mirage-al post.",
      "15. Why did Henry Post bring a passport to the grocery store? He heard they were serving post-matoes from overseas.",
      "16. Henry Post's secret talent? Post-moder poetry.",
      "17. Why did Henry Post get in trouble at the library? He kept trying to return the books to the post office.",
      "18. What's Henry Post's favorite board game? Post-ssibly Monopoly.",
      "19. Henry Post's favorite superhero? Post-man.",
      "20. How did Henry Post fare in the spelling bee? He excelled in the post-phonics round.",
      "21. What's Henry Post's favorite kind of pizza? Post-ta with extra cheese.",
      "22. What do you call a henry post staring at a blank canvas? A post-modern artist.",
      "23. Why was Henry Post always the life of the party? He had a knack for post-erizing everyone.",
      "24. How did Henry Post become a social media star? He started sharing post-modern memes.",
      "25. What's Henry Post's favorite kind of music? Post-rock.",
      "26. Why was Henry Post banned from the hardware store? He kept renaming their products as \"post-s.\"",
      "27. How does Henry Post enjoy his steak? Post-cooked to perfection.",
      "28. Why did Henry Post open a bakery? He wanted to specialize in post-desserts.",
      "29. What's Henry Post's favorite childhood toy? A post-action figure.",
      "30. How does Henry Post like to unwind at the end of the day? With a post-dinner stroll.",
      "31. Why was Henry Post asked to leave the art class? He refused to draw anything without a \"post\" theme.",
      "32. What's Henry Post's favorite type of literature? Post-modern novels.",
      "33. Why did Henry Post start a garden? He wanted to grow his own post-lant.",
      "34. What do you call a henry post with a broken leg? A post-poned delivery.",
      "35. Why did Henry Post get a pet fish? To teach it some post-tricks.",
      "36. What's Henry Post's favorite weather? Post-sunny days.",
      "37. Why did Henry Post dress up as a mailbox for Halloween? He wanted to make post-personal deliveries.",
      "38. How did Henry Post become a successful comedian? He had a knack for post-erity.",
      "39. What's Henry Post's favorite book genre? Post-apocalyptic fiction.",
      "40. Why did Henry Post become a musician? He wanted to create post-modern beats.",
      "41. What's Henry Post's favorite ice cream flavor? Rocky Post-er Road.",
      "42. Henry Post's favorite dance move? The post-shuffle.",
      "43. Why was Henry Post always the center of attention? He had a knack for post-erizing everyone.",
      "44. How did Henry Post become a fashion icon? He started designing post-clothing.",
      "45. What do you call a henry post who's a picky eater? A post-modern connoisseur.",
      "46. Why did Henry Post join a book club? He wanted to share his love for post-modern literature.",
      "47. What's Henry Post's favorite TV show? Post-apocalyptic dramas.",
      "48. Why was Henry Post invited to every party? He knew how to post-rally entertain.",
      "49. How does Henry Post like his eggs? Post-scrambled with a side of post-toast.",
      "50. What's Henry Post's favorite form of exercise? Post-yoga relaxation."
    ]
  }
}