{
	"info": {
		"_postman_id": "8498967a-a6e5-45d4-9524-173dd2073812",
		"name": "G2 review post",
		"schema": "https://schema.getpostman.com/json/collection/v2.1.0/collection.json",
		"_exporter_id": "36549646"
	},
	"item": [
		{
			"name": "Login",
			"item": [
				{
					"name": "login",
					"request": {
						"method": "POST",
						"header": [],
						"body": {
							"mode": "raw",
							"raw": "{\r\n    \"email\":\"xyz51582@gmail.com\",\r\n    \"password\":\"Aloc23522003\"\r\n}",
							"options": {
								"raw": {
									"language": "json"
								}
							}
						},
						"url": {
							"raw": "http://localhost:3000/api/automation/g2/login",
							"protocol": "http",
							"host": [
								"localhost"
							],
							"port": "3000",
							"path": [
								"api",
								"automation",
								"g2",
								"login"
							]
						}
					},
					"response": []
				}
			]
		},
		{
			"name": "logout",
			"item": [
				{
					"name": "logout",
					"request": {
						"method": "POST",
						"header": [],
						"url": {
							"raw": "http://localhost:3000/api/automation/g2/logout",
							"protocol": "http",
							"host": [
								"localhost"
							],
							"port": "3000",
							"path": [
								"api",
								"automation",
								"g2",
								"logout"
							]
						}
					},
					"response": []
				}
			]
		},
		{
			"name": "post reviews",
			"item": [
				{
					"name": "postreviews",
					"request": {
						"method": "POST",
						"header": [],
						"body": {
							"mode": "raw",
							"raw": "{\r\n    \"title\": \"code\",\r\n    \"likes\": \"It is the ease to use and comprehensive programming language with alot of opputunities\",\r\n    \"dislikes\": \"Typical complaints about Java are about perceived poor performance (which is demonstrably false or at least exaggerated - in most use cases Java performs as well as most compiled languages) and verbosity with the embarkment. \",\r\n    \"businessproblemstext\": \" Memory Management: Java handles memory management automatically through garbage collection, but inefficient memory usage or memory leaks can still occur, leading to performance issues and reliability.\",\r\n    \"noofEmployees\": \"2-10 employees\",\r\n    \"industryname\": \"Accounting\"\r\n}",
							"options": {
								"raw": {
									"language": "json"
								}
							}
						},
						"url": {
							"raw": "http://localhost:3000/api/automation/g2/postreviews",
							"protocol": "http",
							"host": [
								"localhost"
							],
							"port": "3000",
							"path": [
								"api",
								"automation",
								"g2",
								"postreviews"
							]
						}
					},
					"response": []
				}
			]
		},
		{
			"name": "search",
			"item": [
				{
					"name": "New Request",
					"request": {
						"method": "POST",
						"header": [],
						"body": {
							"mode": "raw",
							"raw": "{\r\n    \"query\":\"amazon-linux-2-ami-with-nvidia-tesla-gpu-driver\"\r\n}",
							"options": {
								"raw": {
									"language": "json"
								}
							}
						},
						"url": {
							"raw": "http://localhost:3000/api/automation/g2/search-discussion",
							"protocol": "http",
							"host": [
								"localhost"
							],
							"port": "3000",
							"path": [
								"api",
								"automation",
								"g2",
								"search-discussion"
							]
						}
					},
					"response": []
				}
			]
		},
		{
			"name": "generate,save,autoamte",
			"item": [
				{
					"name": "generate topic jokes",
					"request": {
						"method": "POST",
						"header": [],
						"body": {
							"mode": "raw",
							"raw": "{\r\n    \"topic\":\"amazon-linux-2-ami-with-nvidia-tesla-gpu-driver\"\r\n}",
							"options": {
								"raw": {
									"language": "json"
								}
							}
						},
						"url": {
							"raw": "http://localhost:3000/api/automation/g2/generate-jokes-topic",
							"protocol": "http",
							"host": [
								"localhost"
							],
							"port": "3000",
							"path": [
								"api",
								"automation",
								"g2",
								"generate-jokes-topic"
							]
						}
					},
					"response": []
				},
				{
					"name": "save topic jokes",
					"request": {
						"method": "POST",
						"header": [],
						"body": {
							"mode": "raw",
							"raw": "{\r\n    \"topic\":\"amazon-linux-2-ami-with-nvidia-tesla-gpu-driver\"\r\n}",
							"options": {
								"raw": {
									"language": "json"
								}
							}
						},
						"url": {
							"raw": "http://localhost:3000/api/automation/g2/save-jokes-topic",
							"protocol": "http",
							"host": [
								"localhost"
							],
							"port": "3000",
							"path": [
								"api",
								"automation",
								"g2",
								"save-jokes-topic"
							]
						}
					},
					"response": []
				},
				{
					"name": "save topic jokes Copy",
					"request": {
						"method": "POST",
						"header": [],
						"body": {
							"mode": "raw",
							"raw": "{\r\n    \"query\":\"amazon-linux-2-ami-with-nvidia-tesla-gpu-driver\"\r\n}",
							"options": {
								"raw": {
									"language": "json"
								}
							}
						},
						"url": {
							"raw": "http://localhost:3000/api/automation/g2/automate-commenting",
							"protocol": "http",
							"host": [
								"localhost"
							],
							"port": "3000",
							"path": [
								"api",
								"automation",
								"g2",
								"automate-commenting"
							]
						}
					},
					"response": []
				},
				{
					"name": "save posts jokes Copy",
					"request": {
						"method": "POST",
						"header": [],
						"body": {
							"mode": "raw",
							"raw": "{\r\n    \"topic\":\"amazon-linux-2-ami-with-nvidia-tesla-gpu-driver\"\r\n}",
							"options": {
								"raw": {
									"language": "json"
								}
							}
						},
						"url": {
							"raw": "http://localhost:3000/api/automation/g2/save-jokes-posts",
							"protocol": "http",
							"host": [
								"localhost"
							],
							"port": "3000",
							"path": [
								"api",
								"automation",
								"g2",
								"save-jokes-posts"
							]
						}
					},
					"response": []
				},
				{
					"name": "generate post jokes",
					"request": {
						"method": "POST",
						"header": [],
						"body": {
							"mode": "raw",
							"raw": "{\r\n    \"posts\":\"amazon-linux-2-ami-with-nvidia-tesla-gpu-driver\"\r\n}",
							"options": {
								"raw": {
									"language": "json"
								}
							}
						},
						"url": {
							"raw": "http://localhost:3000/api/automation/g2/generate-jokes-posts",
							"protocol": "http",
							"host": [
								"localhost"
							],
							"port": "3000",
							"path": [
								"api",
								"automation",
								"g2",
								"generate-jokes-posts"
							]
						}
					},
					"response": []
				}
			]
		}
	]
}