{
	"info": {
		"_postman_id": "3d12809d-4b6a-4548-a2b7-5e76d040ec4b",
		"name": "Blogger Social Sharing Automation",
		"schema": "https://schema.getpostman.com/json/collection/v2.1.0/collection.json",
		"_exporter_id": "36549646",
		"_collection_link": "https://beladad-dev-team.postman.co/workspace/search-automation~137cbd88-0550-4835-a635-a27dd1e17a13/collection/36549646-3d12809d-4b6a-4548-a2b7-5e76d040ec4b?action=share&source=collection_link&creator=36549646"
	},
	"item": [
		{
			"name": "Login",
			"item": [
				{
					"name": "New Request",
					"request": {
						"method": "POST",
						"header": [],
						"body": {
							"mode": "raw",
							"raw": "{\r\n    \"email\":\"xyz51582@gmail.com\",\r\n    \"password\":\"Aloc23522003\"\r\n}",
							"options": {
								"raw": {
									"language": "json"
								}
							}
						},
						"url": {
							"raw": "http://localhost:3000/api/automation/blogger/login",
							"protocol": "http",
							"host": [
								"localhost"
							],
							"port": "3000",
							"path": [
								"api",
								"automation",
								"blogger",
								"login"
							]
						}
					},
					"response": []
				}
			]
		},
		{
			"name": "Logout",
			"item": [
				{
					"name": "New Request",
					"request": {
						"method": "POST",
						"header": [],
						"url": {
							"raw": "http://localhost:3000/api/automation/blogger/logout",
							"protocol": "http",
							"host": [
								"localhost"
							],
							"port": "3000",
							"path": [
								"api",
								"automation",
								"blogger",
								"logout"
							]
						}
					},
					"response": []
				}
			]
		},
		{
			"name": "Post Work",
			"item": [
				{
					"name": "post",
					"request": {
						"method": "POST",
						"header": [],
						"body": {
							"mode": "raw",
							"raw": "{\r\n    \"title\":\"play games\",\r\n    \"editid\":\"8827570334876301922\",\r\n    \"postid\":\"2245259309592348682\",\r\n    \"context\":\"hi there\"\r\n}",
							"options": {
								"raw": {
									"language": "json"
								}
							}
						},
						"url": {
							"raw": "http://localhost:3000/api/automation/blogger/postwork",
							"protocol": "http",
							"host": [
								"localhost"
							],
							"port": "3000",
							"path": [
								"api",
								"automation",
								"blogger",
								"postwork"
							]
						}
					},
					"response": []
				}
			]
		},
		{
			"name": "search hashtags",
			"item": [
				{
					"name": "http://localhost:3000/api/automation/blogger/search",
					"request": {
						"method": "POST",
						"header": [],
						"body": {
							"mode": "raw",
							"raw": "{\r\n    \"hashtag\":\"work\"\r\n}",
							"options": {
								"raw": {
									"language": "json"
								}
							}
						},
						"url": {
							"raw": "http://localhost:3000/api/automation/blogger/search",
							"protocol": "http",
							"host": [
								"localhost"
							],
							"port": "3000",
							"path": [
								"api",
								"automation",
								"blogger",
								"search"
							]
						}
					},
					"response": []
				}
			]
		},
		{
			"name": "generate jokes and automate",
			"item": [
				{
					"name": "automate commenting",
					"request": {
						"method": "POST",
						"header": [],
						"body": {
							"mode": "raw",
							"raw": "{\r\n    \"hashtag\":\"work\"\r\n}",
							"options": {
								"raw": {
									"language": "json"
								}
							}
						},
						"url": {
							"raw": "http://localhost:3000/api/automation/blogger/automate-commenting",
							"protocol": "http",
							"host": [
								"localhost"
							],
							"port": "3000",
							"path": [
								"api",
								"automation",
								"blogger",
								"automate-commenting"
							]
						}
					},
					"response": []
				},
				{
					"name": "post jokes",
					"request": {
						"method": "POST",
						"header": [],
						"body": {
							"mode": "raw",
							"raw": "{\r\n    \"posts\":\"work\"\r\n}",
							"options": {
								"raw": {
									"language": "json"
								}
							}
						},
						"url": {
							"raw": "http://localhost:3000/api/automation/blogger/generate-jokes-posts",
							"protocol": "http",
							"host": [
								"localhost"
							],
							"port": "3000",
							"path": [
								"api",
								"automation",
								"blogger",
								"generate-jokes-posts"
							]
						}
					},
					"response": []
				},
				{
					"name": "topic jokes",
					"request": {
						"method": "POST",
						"header": [],
						"body": {
							"mode": "raw",
							"raw": "{\r\n    \"topic\":\"work\"\r\n}",
							"options": {
								"raw": {
									"language": "json"
								}
							}
						},
						"url": {
							"raw": "http://localhost:3000/api/automation/blogger/generate-jokes-topic",
							"protocol": "http",
							"host": [
								"localhost"
							],
							"port": "3000",
							"path": [
								"api",
								"automation",
								"blogger",
								"generate-jokes-topic"
							]
						}
					},
					"response": []
				},
				{
					"name": "save topic joke",
					"request": {
						"method": "POST",
						"header": [],
						"body": {
							"mode": "raw",
							"raw": "{\r\n    \"topic\":\"work\"\r\n}",
							"options": {
								"raw": {
									"language": "json"
								}
							}
						},
						"url": {
							"raw": "http://localhost:3000/api/automation/blogger/save-jokes-topic",
							"protocol": "http",
							"host": [
								"localhost"
							],
							"port": "3000",
							"path": [
								"api",
								"automation",
								"blogger",
								"save-jokes-topic"
							]
						}
					},
					"response": []
				},
				{
					"name": "save post joke",
					"request": {
						"method": "POST",
						"header": [],
						"body": {
							"mode": "raw",
							"raw": "{\r\n    \"posts\":\"work\"\r\n}",
							"options": {
								"raw": {
									"language": "json"
								}
							}
						},
						"url": {
							"raw": "http://localhost:3000/api/automation/blogger/save-jokes-posts",
							"protocol": "http",
							"host": [
								"localhost"
							],
							"port": "3000",
							"path": [
								"api",
								"automation",
								"blogger",
								"save-jokes-posts"
							]
						}
					},
					"response": []
				}
			]
		}
	]
}