[{"name":"NID","value":"516=YQ77-ull7dZxs4LCIXNeVvkVK5K3TLF5_TzsmD1oll2q1DqrBfdthDX3cPS_Lkhu_zquq81pTvYRucsaRsyu2VlDMqi9Jt6QvKQE9objQLKlgYcu9RR8GSoqiUb9_kqadzlFcJ2p6rrNnzJaM88dGf36f15UJmVO7L4W1HmaAkK6xaqo","domain":".google.com","path":"/","expires":1739969962.376588,"size":183,"httpOnly":true,"secure":true,"session":false,"sameSite":"None","priority":"Medium","sameParty":false,"sourceScheme":"Secure"},{"name":"__Host-GAPS","value":"1:M8pxsInHfSwSsOQbP0GYk0Uv2JYmMw:FklVuLPE1OtuL2H0","domain":"accounts.google.com","path":"/","expires":1758718766.350364,"size":60,"httpOnly":true,"secure":true,"session":false,"priority":"High","sameParty":false,"sourceScheme":"Secure"},{"name":"OTZ","value":"7697579_36_36__36_","domain":"accounts.google.com","path":"/","expires":1726750761,"size":21,"httpOnly":false,"secure":true,"session":false,"priority":"Medium","sameParty":false,"sourceScheme":"Secure"}]