"companyName","employeeSize","websiteURL","industry","headquartersCity","headquartersState","primaryLocation","secondaryLocations","isOwnedByParentCompany"
"23andMe","501-1,000 employees","https://www.23andme.com/","Biotechnology Research","Sunnyvale","California","223 N Mathilda Ave, Sunnyvale, California 94086, US","349 Oyster Point Blvd, South San Francisco, CA 94080, US","No"
"3vue, LLC","11-50 employees","http://www.3vuellc.com/","Software Development","Lisle","Illinois","Lisle, Illinois","Lisle, Illinois","No"
"81qd","11-50 employees","https://www.81qd.com/","Data Infrastructure and Analytics","New York","New York","New York, New York","New York, New York","No"
"AbbVie","10,001+ employees","http://www.abbvie.com/","Pharmaceutical Manufacturing","North Chicago","Illinois","North Chicago, Illinois","North Chicago, Illinois","No"
"Acadia Pharmaceuticals Inc.","501-1,000 employees","http://acadia.com/","Pharmaceutical Manufacturing","San Diego","California","San Diego, California","San Diego, California","No"
"ADMA Biologics, Inc.","501-1,000 employees","http://www.admabiologics.com/","Biotechnology Research","Ramsey","NJ","Ramsey, NJ","Ramsey, NJ","No"
"Adnexi","11-50 employees","http://adnexi.com/","Software Development","San Mateo","CA","San Mateo, CA","San Mateo, CA","No"
"Adora Medical Esthetics Clinic","10 employees","http://skinlaserclinic.ca/","Medical Practices","Nanaimo","British Columbia","Nanaimo, British Columbia","Nanaimo, British Columbia","No"
"Aerogen","501-1,000 employees","http://www.aerogen.com/","Medical Equipment Manufacturing","Lower Dangan","Galway","Lower Dangan, Galway","Lower Dangan, Galway","No"
"AESARA","11-50 employees","https://aesara.com/","Research Services","Chapel Hill","NC","Chapel Hill, NC","Chapel Hill, NC","No"
"Afaxys, Inc.","11-50 employees","http://www.afaxys.com/","Pharmaceutical Manufacturing","Charleston","SC","Charleston, SC","Charleston, SC","No"
"Aissel Technologies","51-200 employees","http://www.aissel.com/","IT Services and IT Consulting","Hubli","Karnataka","Hubli, Karnataka","Hubli, Karnataka","No"
"Alucio","11-50 employees","https://www.alucio.io/","Software Development","San Francisco","CA","San Francisco, CA","San Francisco, CA","No"
"ALX Oncology","51-200 employees","http://alxoncology.com/","Biotechnology Research","South San Francisco","California","South San Francisco, California","South San Francisco, California","No"
"ALZpath Inc.","11-50 employees","http://alzpath.bio/","Biotechnology Research","Carlsbad","California","Carlsbad, California","Carlsbad, California","No"
"American Regent, Inc.","501-1,000 employees","http://www.americanregent.com/","Pharmaceutical Manufacturing","Shirley","New York","Shirley, New York","Shirley, New York","No"
"American Regent, Inc.","501-1,000 employees","http://www.americanregent.com/","Pharmaceutical Manufacturing","Shirley","New York","Shirley, New York","Shirley, New York","No"
"AmerisourceBergen","10,001+ employees","http://www.amerisourcebergen.com/","Hospitals and Health Care","Conshohocken","PA","Conshohocken, PA","Conshohocken, PA","No"
"Amgen","10,001+ employees","http://www.amgen.com/","Biotechnology Research","Thousand Oaks","CA","Thousand Oaks, CA","Thousand Oaks, CA","No"
"Amgen","10,001+ employees","http://www.amgen.com/","Biotechnology Research","Thousand Oaks","CA","Thousand Oaks, CA","Thousand Oaks, CA","No"
"Amica Scientific","11-50 employees","https://www.amicascientific.com/","Professional Services","Macclesfield","Cheshire","Macclesfield, Cheshire","Macclesfield, Cheshire","No"
"AMICULUM","201-500 employees","http://www.amiculum.biz/","Business Consulting and Services","Bollington","Cheshire","Bollington, Cheshire","Bollington, Cheshire","No"
"Amicus Therapeutics","501-1,000 employees","http://www.amicusrx.com/","Biotechnology Research","Princeton","NJ","Princeton, NJ","Princeton, NJ","No"
"Amicus Therapeutics","501-1,000 employees","http://www.amicusrx.com/","Biotechnology Research","Princeton","NJ","Princeton, NJ","Princeton, NJ","No"
"Amplify","1,001-5,000 employees","http://www.amplify.com/","Education Administration Programs","Brooklyn","NY","Brooklyn, NY","Brooklyn, NY","No"
"Anju Software","201-500 employees","http://anjusoftware.com/","Software Development","Tempe","Arizona","Tempe, Arizona","Tempe, Arizona","No"
"Apellis Pharmaceuticals","501-1,000 employees","https://apellis.com/","Biotechnology Research","Waltham","MA","Waltham, MA","Waltham, MA","No"
"Apogee Therapeutics","201-500 employees","http://www.apogeetherapeutics.com/","Biotechnology Research","Fully Remote","US","Fully Remote, US","Fully Remote, US","No"
"Apogee Therapeutics","201-500 employees","http://www.apogeetherapeutics.com/","Biotechnology Research","Fully Remote","US","Fully Remote, US","Fully Remote, US","No"
"Ascendis Pharma","501-1,000 employees","http://www.ascendispharma.com/","Biotechnology Research","Hellerup","Capital Region of Denmark","Hellerup, Capital Region of Denmark","Hellerup, Capital Region of Denmark","No"
"Ashfield MedComms, an Inizio Company","501-1,000 employees","https://ashfieldmedcomms.com/","Pharmaceutical Manufacturing","Macclesfield","Cheshire","Macclesfield, Cheshire","Macclesfield, Cheshire","No"
"Ashfield MedComms, an Inizio Company","501-1,000 employees","https://ashfieldmedcomms.com/","Pharmaceutical Manufacturing","Macclesfield","Cheshire","Macclesfield, Cheshire","Macclesfield, Cheshire","No"
"AskBio Inc.","501-1,000 employees","http://www.askbio.com/","Biotechnology Research","Research Triangle Park","North Carolina","Research Triangle Park, North Carolina","Research Triangle Park, North Carolina","No"
"Astellas Pharma","10,001+ employees","http://www.astellas.com/","Pharmaceutical Manufacturing","Chuo-Ku","Tokyo","Chuo-Ku, Tokyo","Chuo-Ku, Tokyo","No"
"AstraZeneca","10,001+ employees","http://www.astrazeneca.com/","Pharmaceutical Manufacturing","Cambridge","Cambridgeshire","Cambridge, Cambridgeshire","Cambridge, Cambridgeshire","No"
"Atropos Health","11-50 employees","http://www.atroposhealth.com/","Hospitals and Health Care","Palo Alto","CA","Palo Alto, CA","Palo Alto, CA","No"
"Aurinia Pharmaceuticals Inc.","51-200 employees","http://www.auriniapharma.com/","Biotechnology Research","Edmonton","Alberta","Edmonton, Alberta","Edmonton, Alberta","No"
"Aurinia Pharmaceuticals Inc.","51-200 employees","http://www.auriniapharma.com/","Biotechnology Research","Edmonton","Alberta","Edmonton, Alberta","Edmonton, Alberta","No"
"Aurinia Pharmaceuticals Inc.","51-200 employees","http://www.auriniapharma.com/","Biotechnology Research","Edmonton","Alberta","Edmonton, Alberta","Edmonton, Alberta","No"
"Aurinia Pharmaceuticals Inc.","51-200 employees","http://www.auriniapharma.com/","Biotechnology Research","Edmonton","Alberta","Edmonton, Alberta","Edmonton, Alberta","No"
"Axsome Therapeutics, Inc.","201-500 employees","http://axsome.com/","Biotechnology Research","New York","NY","New York, NY","New York, NY","No"
"Axsome Therapeutics, Inc.","201-500 employees","http://axsome.com/","Biotechnology Research","New York","NY","New York, NY","New York, NY","No"
"AzadMedica Inc.","2-10 employees","http://www.azadmedica.com/","Hospitals and Health Care","Toronto","Ontario","Toronto, Ontario","Toronto, Ontario","No"
"B. Braun Medical Inc. (US)","10,001+ employees","http://www.bbraunusa.com/","Medical Equipment Manufacturing","Bethlehem","PA","Bethlehem, PA","Bethlehem, PA","No"
"Barrington James","201-500 employees","http://www.barringtonjames.com/","Staffing and Recruiting","Crawley","West Sussex","Crawley, West Sussex","Crawley, West Sussex","No"
"Baxter Healthcare Corporation","51-200 employees","https://www.linkedin.com/search/results/people/?currentCompany=%5B%229537729%22%5D&origin=COMPANY_PAGE_CANNED_SEARCH","","Pinellas Park","Florida","Pinellas Park, Florida","Pinellas Park, Florida","No"
"Baxter International Inc.","10,001+ employees","http://www.baxter.com/","Medical Equipment Manufacturing","Deerfield","Illinois","Deerfield, Illinois","Deerfield, Illinois","No"
"Bayer","10,001+ employees","https://www.bayer.com/","Chemical Manufacturing","Leverkusen","North Rhine-Westphalia","Leverkusen, North Rhine-Westphalia","Leverkusen, North Rhine-Westphalia","No"
"BD","10,001+ employees","http://www.bd.com/","Medical Equipment Manufacturing","Franklin Lakes","New Jersey","Franklin Lakes, New Jersey","Franklin Lakes, New Jersey","No"
"BD","10,001+ employees","http://www.bd.com/","Medical Equipment Manufacturing","Franklin Lakes","New Jersey","Franklin Lakes, New Jersey","Franklin Lakes, New Jersey","No"
"BeiGene","10,001+ employees","http://www.beigene.com/","Biotechnology Research","Cambridge","MA","Cambridge, MA","Cambridge, MA","No"
"BEN BIEMAN CONSULTING LLC","N/A","http://biemanbio.com/","","LONGMEADOW","Massachusetts","LONGMEADOW, Massachusetts","LONGMEADOW, Massachusetts","No"
"Best Aquaculture Practices (BAP)","11-50 employees","https://www.bapcertification.org/","Non-profit Organizations","Portsmouth","New Hampshire","Portsmouth, New Hampshire","Portsmouth, New Hampshire","No"
"BESTMSLs, a Uniphar company","11-50 employees","https://bestmsls.com/","Pharmaceutical Manufacturing","Las Vegas","NV","Las Vegas, NV","Las Vegas, NV","No"
"BGB Group","501-1,000 employees","http://www.bgbgroup.com/","Advertising Services","New York","NY","New York, NY","New York, NY","No"
"BioCryst Pharmaceuticals, Inc.","501-1,000 employees","https://www.biocryst.com/","Biotechnology Research","Durham","NC","Durham, NC","Durham, NC","No"
"Biogen","5,001-10,000 employees","http://www.biogen.com/","Biotechnology Research","Cambridge","MA","Cambridge, MA","Cambridge, MA","No"
"bioMérieux","10,001+ employees","https://www.biomerieux.com/","Biotechnology Research","Marcy-l'Étoile","Auvergne-Rhône-Alpes","Marcy-l'Étoile, Auvergne-Rhône-Alpes","Marcy-l'Étoile, Auvergne-Rhône-Alpes","No"
"Blue Matter","201-500 employees","http://www.bluematterconsulting.com/","Business Consulting and Services","South San Francisco","California","South San Francisco, California","South San Francisco, California","No"
"Blue Matter","201-500 employees","http://www.bluematterconsulting.com/","Business Consulting and Services","South San Francisco","California","South San Francisco, California","South San Francisco, California","No"
"Bristol Myers Squibb","10,001+ employees","http://www.bms.com/","Pharmaceutical Manufacturing","Lawrence Township","NJ","Lawrence Township, NJ","Lawrence Township, NJ","No"
"Boehringer Ingelheim","10,001+ employees","http://www.boehringer-ingelheim.com/","Pharmaceutical Manufacturing","Ingelheim am Rhein","Rhineland-Palatinate","Ingelheim am Rhein, Rhineland-Palatinate","Ingelheim am Rhein, Rhineland-Palatinate","No"
"Boehringer Ingelheim","10,001+ employees","http://www.boehringer-ingelheim.com/","Pharmaceutical Manufacturing","Ingelheim am Rhein","Rhineland-Palatinate","Ingelheim am Rhein, Rhineland-Palatinate","Ingelheim am Rhein, Rhineland-Palatinate","No"
"BOLDSCIENCE","51-200 employees","http://www.boldsci.com/","Pharmaceutical Manufacturing","Alpharetta","Georgia","Alpharetta, Georgia","Alpharetta, Georgia","No"
"BOLDSCIENCE","51-200 employees","http://www.boldsci.com/","Pharmaceutical Manufacturing","Alpharetta","Georgia","Alpharetta, Georgia","Alpharetta, Georgia","No"
"Boston Consulting Group (BCG)","10,001+ employees","http://www.bcg.com/","Business Consulting and Services","Boston","Massachusetts","Boston, Massachusetts","Boston, Massachusetts","No"
"Boston Scientific","10,001+ employees","http://www.bostonscientific.com/","Medical Equipment Manufacturing","Marlborough","MA","Marlborough, MA","Marlborough, MA","No"
"BP Logix","11-50 employees","http://www.bplogix.com/","Software Development","Encinitas","California","Encinitas, California","Encinitas, California","No"
"BP Logix","11-50 employees","http://www.bplogix.com/","Software Development","Encinitas","California","Encinitas, California","Encinitas, California","No"
"Bristol Myers Squibb","10,001+ employees","http://www.bms.com/","Pharmaceutical Manufacturing","Lawrence Township","NJ","Lawrence Township, NJ","Lawrence Township, NJ","No"
"Bristol Myers Squibb","10,001+ employees","http://www.bms.com/","Pharmaceutical Manufacturing","Lawrence Township","NJ","Lawrence Township, NJ","Lawrence Township, NJ","No"
"Cactus Communications","1,001-5,000 employees","http://www.cactusglobal.com/","Software Development","Mumbai","Maharashtra","Mumbai, Maharashtra","Mumbai, Maharashtra","No"
"Cactus Life Sciences","1,001-5,000 employees","https://www.cactuslifesciences.com/","Business Consulting and Services","Princeton","New Jersey","Princeton, New Jersey","Princeton, New Jersey","No"
"Calliditas Therapeutics","51-200 employees","https://www.calliditas.se/","Pharmaceutical Manufacturing","Stockholm","Stockholm County","Stockholm, Stockholm County","Stockholm, Stockholm County","No"
"Camurus","201-500 employees","http://www.camurus.com/","Pharmaceutical Manufacturing","Lund","Skåne","Lund, Skåne","Lund, Skåne","No"
"Canopy Life Sciences","201-500 employees","https://www.hellocanopy.com/","Pharmaceutical Manufacturing","Danbury","Connecticut","Danbury, Connecticut","Danbury, Connecticut","No"
"Catalyst Pharmaceuticals, Inc.","51-200 employees","http://www.catalystpharma.com/","Pharmaceutical Manufacturing","Coral Gables","Florida","Coral Gables, Florida","Coral Gables, Florida","No"
"Caudex | An IPG Health Company","51-200 employees","http://www.caudex.com/","Pharmaceutical Manufacturing","New York","New York","New York, New York","New York, New York","No"
"Copyright Clearance Center (CCC)","501-1,000 employees","http://www.copyright.com/","Information Services","Danvers","MA","Danvers, MA","Danvers, MA","No"
"Celegence","51-200 employees","https://www.celegence.com/","Business Consulting and Services","Downers Grove","Illinois","Downers Grove, Illinois","Downers Grove, Illinois","No"
"Cepheid","5,001-10,000 employees","http://www.cepheid.com/","Biotechnology Research","Sunnyvale","CA","Sunnyvale, CA","Sunnyvale, CA","No"
"Charles River Associates","1,001-5,000 employees","https://www.crai.com/","Business Consulting and Services","Boston","MA","Boston, MA","Boston, MA","No"
"Chiesi Group","5,001-10,000 employees","http://www.chiesi.com/","Pharmaceutical Manufacturing","Parma","Emilia-Romagna","Via Paradigna, 131 , Parma, Emilia-Romagna 43122, IT","Via Palermo 26/A, Parma,  43122, IT","No"
"Chiesi USA, Inc.","201-500 employees","http://chiesiusa.com/","Pharmaceutical Manufacturing","Cary","North Carolina","Cary, North Carolina","Cary, North Carolina","No"
"Clinical Education Alliance","51-200 employees","https://clinicaleducationalliance.com/","Hospitals and Health Care","Reston","VA","Reston, VA","Reston, VA","No"
"CMC CONNECT (PERCEPTION MANAGERS) LIMITED","11-50 employees","http://www.cmcconnect.com/","Public Relations and Communications Services","GRA","Ikeja","GRA, Ikeja","GRA, Ikeja","No"
"CME United","2-10 employees","https://www.cmeunited.com/","IT Services and IT Consulting","Yorktown Heights","New York","Yorktown Heights, New York","Yorktown Heights, New York","No"
"Cofactor Group","11-50 employees","http://www.cofactorgroup.com/","Business Consulting and Services","Wayne","PA","Wayne, PA","Wayne, PA","No"
"Conquer Cancer","N/A","https://conquercancer.in/","Hospitals and Health Care","Hyderabad","Telangana","Hyderabad, Telangana","Hyderabad, Telangana","No"
"Cormedix Inc.","11-50 employees","http://www.cormedix.com/","Pharmaceutical Manufacturing","Berkeley Heights","New Jersey","Berkeley Heights, New Jersey","Berkeley Heights, New Jersey","No"
"CSL","10,001+ employees","https://www.csl.com/","Biotechnology Research","Melbourne","Victoria","Melbourne, Victoria","Melbourne, Victoria","No"
"Daiichi Sankyo US","10,001+ employees","https://daiichisankyo.us/","Pharmaceutical Manufacturing","Basking Ridge","NJ","Basking Ridge, NJ","Basking Ridge, NJ","No"
"Daiichi Sankyo US","10,001+ employees","https://daiichisankyo.us/","Pharmaceutical Manufacturing","Basking Ridge","NJ","Basking Ridge, NJ","Basking Ridge, NJ","No"
"Daiichi Sankyo US","10,001+ employees","https://daiichisankyo.us/","Pharmaceutical Manufacturing","Basking Ridge","NJ","Basking Ridge, NJ","Basking Ridge, NJ","No"
"Daiichi Sankyo US","10,001+ employees","https://daiichisankyo.us/","Pharmaceutical Manufacturing","Basking Ridge","NJ","Basking Ridge, NJ","Basking Ridge, NJ","No"
"DefineRight","11-50 employees","https://defineright.com/","Business Consulting and Services","Claymont","Delaware","Claymont, Delaware","Claymont, Delaware","No"
"Definitive Healthcare","501-1,000 employees","https://www.definitivehc.com/","Information Services","Framingham","Massachusetts","Framingham, Massachusetts","Framingham, Massachusetts","No"
"Dexcom","10,001+ employees","https://careers.dexcom.com/careers/index","Medical Equipment Manufacturing","San Diego","California","San Diego, California","San Diego, California","No"
"Digital Science","501-1,000 employees","https://www.digital-science.com/","Software Development","London","England","London, England","London, England","No"
"Diligent Health Solutions, a Uniphar Company","51-200 employees","https://www.diligenthealthsolutions.com/","Pharmaceutical Manufacturing","Chantilly","Virginia","Chantilly, Virginia","Chantilly, Virginia","No"
"DistillerSR","51-200 employees","https://www.distillersr.com/","Software Development","Kanata","Ontario","Kanata, Ontario","Kanata, Ontario","No"
"DistillerSR","51-200 employees","https://www.distillersr.com/","Software Development","Kanata","Ontario","Kanata, Ontario","Kanata, Ontario","No"
"Dompé","501-1,000 employees","http://www.dompe.com/","Pharmaceutical Manufacturing","Milano","Lombardia","Milano, Lombardia","Milano, Lombardia","No"
"Doximity","501-1,000 employees","http://www.doximity.com/","Software Development","San Francisco","CA","San Francisco, CA","San Francisco, CA","No"
"Educate Online Inc.","51-200 employees","https://educate-online.org/?utm_source=linkedin","Education Administration Programs","Brooklyn","New York","Brooklyn, New York","Brooklyn, New York","No"
"Edwards Lifesciences","10,001+ employees","http://www.edwards.com/","Medical Equipment Manufacturing","Irvine","CA","Irvine, CA","Irvine, CA","No"
"Eisai US","1,001-5,000 employees","http://us.eisai.com/","Pharmaceutical Manufacturing","Nutley","NJ","200 Metro Blvd., Nutley, NJ 07110, US","US","No"
"Eisai US","1,001-5,000 employees","http://us.eisai.com/","Pharmaceutical Manufacturing","Nutley","NJ","200 Metro Blvd., Nutley, NJ 07110, US","US","No"
"Eisai US","1,001-5,000 employees","http://us.eisai.com/","Pharmaceutical Manufacturing","Nutley","NJ","200 Metro Blvd., Nutley, NJ 07110, US","US","No"
"Eli Lilly and Company","10,001+ employees","http://www.lilly.com/","Pharmaceutical Manufacturing","Indianapolis","Indiana","Indianapolis, Indiana","Indianapolis, Indiana","No"
"Eli Lilly and Company","10,001+ employees","http://www.lilly.com/","Pharmaceutical Manufacturing","Indianapolis","Indiana","Indianapolis, Indiana","Indianapolis, Indiana","No"
"Eli Lilly and Company","10,001+ employees","http://www.lilly.com/","Pharmaceutical Manufacturing","Indianapolis","Indiana","Indianapolis, Indiana","Indianapolis, Indiana","No"
"EMD Serono, Inc.","1,001-5,000 employees","http://www.emdserono.com/","Pharmaceutical Manufacturing","Boston","Massachusetts","200 Pier 4 Blvd, Boston, Massachusetts 02210, US","Middlesex Turnpike, Billerica, MA 01821, US","No"
"Emergent BioSolutions","1,001-5,000 employees","https://www.emergentbiosolutions.com/","Biotechnology Research","Gaithersburg","Maryland","Gaithersburg, Maryland","Gaithersburg, Maryland","No"
"Endo","1,001-5,000 employees","http://www.endo.com/","Pharmaceutical Manufacturing","Malvern","PA","Malvern, PA","Malvern, PA","No"
"Epikast","11-50 employees","http://www.epikast.com/","Health and Human Services","New York","NY","New York, NY","New York, NY","No"
"Ethis Inc.","11-50 employees","http://www.ethisinc.com/","Advertising Services","WHITE PLAINS","NY","WHITE PLAINS, NY","WHITE PLAINS, NY","No"
"EVERSANA","5,001-10,000 employees","http://eversana.com/","Pharmaceutical Manufacturing","Chicago","IL","Chicago, IL","Chicago, IL","No"
"EVERSANA INTOUCH","1,001-5,000 employees","https://eversanaintouch.com/","Advertising Services","Overland Park","Kansas","Overland Park, Kansas","Overland Park, Kansas","No"
"EVERSANA","5,001-10,000 employees","http://eversana.com/","Pharmaceutical Manufacturing","Chicago","IL","Chicago, IL","Chicago, IL","No"
"Fingerpaint Medical","51-200 employees","http://www.fingerpaint.com/","Advertising Services","Cary","NC","Cary, NC","Cary, NC","No"
"FORCE Communications-Powered by Petauri™","11-50 employees","http://www.forcemed.com/","Strategic Management Services","Carmel","Indiana","Carmel, Indiana","Carmel, Indiana","No"
"FORCE Communications-Powered by Petauri™","11-50 employees","http://www.forcemed.com/","Strategic Management Services","Carmel","Indiana","Carmel, Indiana","Carmel, Indiana","No"
"Fore Biotherapeutics","11-50 employees","http://fore.bio/","Biotechnology","Philadelphia","PA","Philadelphia, PA","Philadelphia, PA","No"
"Gilead Sciences","10,001+ employees","http://www.gilead.com/","Biotechnology Research","Foster City","CA","Foster City, CA","Foster City, CA","No"
"Gilead Sciences","10,001+ employees","http://www.gilead.com/","Biotechnology Research","Foster City","CA","Foster City, CA","Foster City, CA","No"
"Gilead Sciences","10,001+ employees","http://www.gilead.com/","Biotechnology Research","Foster City","CA","Foster City, CA","Foster City, CA","No"
"Gilead Sciences","10,001+ employees","http://www.gilead.com/","Biotechnology Research","Foster City","CA","Foster City, CA","Foster City, CA","No"
"GRAIL","1,001-5,000 employees","http://www.grail.com/","Biotechnology Research","Menlo Park","CA","Menlo Park, CA","Menlo Park, CA","No"
"Graticule, Inc.","11-50 employees","http://graticule.life/","Hospitals and Health Care","Dedham","MA","Dedham, MA","Dedham, MA","No"
"GSK","10,001+ employees","http://www.gsk.com/","Pharmaceutical Manufacturing","London","England","London, England","London, England","No"
"H1","201-500 employees","https://h1.co/","Software Development","New York","NY","New York, NY","New York, NY","No"
"Haley Titus Strategy","0-1 employees","https://haleytitusstrategy.wordpress.com/","Business Consulting and Services","Chicago","IL","Chicago, IL","Chicago, IL","No"
"Healthcare Consultancy Group - HCG","501-1,000 employees","http://www.hcg-int.com/","Advertising Services","New York","NY","New York, NY","New York, NY","No"
"Healthcare Consultancy Group - HCG","501-1,000 employees","http://www.hcg-int.com/","Advertising Services","New York","NY","New York, NY","New York, NY","No"
"HealthEconomics.com | A Scientist.com Company","2-10 employees","https://www.healtheconomics.com/","Pharmaceutical Manufacturing","Solana Beach","California","Solana Beach, California","Solana Beach, California","No"
"HealthVerity","201-500 employees","http://www.healthverity.com/","Software Development","Philadelphia","Pennsylvania","Philadelphia, Pennsylvania","Philadelphia, Pennsylvania","No"
"HMP Global","201-500 employees","http://www.hmpglobal.com/","Media Production","Malvern","PA","Malvern, PA","Malvern, PA","No"
"Horizon","1,001-5,000 employees","http://www.amgen.com/","Biotechnology Research","Dublin","Ireland","Dublin, Ireland","Dublin, Ireland","No"
"huumun","51-200 employees","https://huumun.com/","Marketing Services","Bracknell","Berkshire","Bracknell, Berkshire","Bracknell, Berkshire","No"
"MediMedia US","1,001-5,000 employees","http://iconplc.com/commercialisation","Pharmaceutical Manufacturing","Yardley","PA","780 Township Line Rd, Yardley, PA 19067, US","One Dickinson Drive, Chadds Ford, PA 19317, US","No"
"ideaPoint - an Anaqua Company","11-50 employees","http://www.idea-point.com/","Software Development","Boston","MA","Boston, MA","Boston, MA","No"
"The Independent","201-500 employees","http://www.independent.co.uk/","Online Audio and Video Media","London","England","Alphabeta Building, 14-18 Finsbury Square, London, England EC2A 1AH, GB","London,   GB","No"
"Inizio","10,001+ employees","https://inizio.com/","Business Consulting and Services","New York","NY","New York, NY","New York, NY","No"
"Inizio Engage","5,001-10,000 employees","https://inizioengage.com/","Hospitals and Health Care","Yardley","Pennsylvania","Yardley, Pennsylvania","Yardley, Pennsylvania","No"
"Innoviva Specialty Therapeutics, Inc.","51-200 employees","https://innovivaspecialtytherapeutics.com/","Biotechnology Research","Waltham","MA","Waltham, MA","Waltham, MA","No"
"Inspire","10,001+ employees","http://stories.inspirebrands.com/","Restaurants","Atlanta","Georgia","Atlanta, Georgia","Atlanta, Georgia","No"
"Integra LifeSciences","1,001-5,000 employees","http://www.integralife.com/","Medical Equipment Manufacturing","Princeton","New Jersey","Princeton, New Jersey","Princeton, New Jersey","No"
"Integra LifeSciences","1,001-5,000 employees","http://www.integralife.com/","Medical Equipment Manufacturing","Princeton","New Jersey","Princeton, New Jersey","Princeton, New Jersey","No"
"inThought Labs","11-50 employees","http://inthoughtlabs.com/","Software Development","Orlando","FL","Orlando, FL","Orlando, FL","No"
"Intuitive","10,001+ employees","http://www.intuitive.com/","Medical Equipment Manufacturing","California","94086","California, 94086","California, 94086","No"
"Ionis Pharmaceuticals, Inc.","501-1,000 employees","http://www.ionis.com/","Biotechnology Research","Carlsbad","CA","Carlsbad, CA","Carlsbad, CA","No"
"IQVIA","10,001+ employees","https://www.iqvia.com/","Hospitals and Health Care","Durham","North Carolina","Durham, North Carolina","Durham, North Carolina","No"
"Ironwood Pharmaceuticals","201-500 employees","https://ironwoodpharma.com/","Biotechnology Research","Boston","MA","Boston, MA","Boston, MA","No"
"J&J Innovative Medicine Belgium","N/A","https://innovativemedicine.jnj.com/belgium/","Pharmaceutical Manufacturing","Beerse","Flemish Region","Beerse, Flemish Region","Beerse, Flemish Region","No"
"J3 Consulting","11-50 employees","http://www.j3llc.com/","IT System Data Services","Reston","Va","11710 Plaza America Drive, Suite 2000, Reston, Va 20190, US","1725 I Street N.W., Suite 300, Washington, DC 20006, US","No"
"The Janssen Pharmaceutical Companies of Johnson & Johnson","10,001+ employees","http://www.janssen.com/","Pharmaceutical Manufacturing","Raritan","New Jersey","Raritan, New Jersey","Raritan, New Jersey","No"
"The Janssen Pharmaceutical Companies of Johnson & Johnson","10,001+ employees","http://www.janssen.com/","Pharmaceutical Manufacturing","Raritan","New Jersey","Raritan, New Jersey","Raritan, New Jersey","No"
"The Janssen Pharmaceutical Companies of Johnson & Johnson","10,001+ employees","http://www.janssen.com/","Pharmaceutical Manufacturing","Raritan","New Jersey","Raritan, New Jersey","Raritan, New Jersey","No"
"JNJ MEDICAL DEVICES & SERVICES LLC","2-10 employees","https://www.linkedin.com/search/results/people/?currentCompany=%5B%2262055454%22%5D&origin=COMPANY_PAGE_CANNED_SEARCH","Medical Equipment Manufacturing","Metuchen","New Jersey","Metuchen, New Jersey","Metuchen, New Jersey","No"
"The Johns Hopkins University School of Medicine","10,001+ employees","http://www.hopkinsmedicine.org/som/","Hospitals and Health Care","Baltimore","md","Baltimore, md","Baltimore, md","No"
"Johnson & Johnson","10,001+ employees","http://www.jnj.com/","Hospitals and Health Care","New Brunswick","NJ","New Brunswick, NJ","New Brunswick, NJ","No"
"Johnson & Johnson","10,001+ employees","http://www.jnj.com/","Hospitals and Health Care","New Brunswick","NJ","New Brunswick, NJ","New Brunswick, NJ","No"
"JPA","11-50 employees","https://www.jpa.com.mt/","Design Services","Msida","Malta","Msida, Malta","Msida, Malta","No"
"JPA Health","51-200 employees","https://www.jpa.com/","Public Relations and Communications Services","Washington","DC","Washington, DC","Washington, DC","No"
"KARL STORZ United States","1,001-5,000 employees","http://www.karlstorz.com/","Medical Equipment Manufacturing","El Segundo","California","2151 E Grand Ave, El Segundo, California 90245, US","US","No"
"KARL STORZ United States","1,001-5,000 employees","http://www.karlstorz.com/","Medical Equipment Manufacturing","El Segundo","California","2151 E Grand Ave, El Segundo, California 90245, US","US","No"
"Karyopharm Therapeutics Inc.","201-500 employees","http://www.karyopharm.com/","Pharmaceutical Manufacturing","Newton","MA","Newton, MA","Newton, MA","No"
"Karyopharm Therapeutics Inc.","201-500 employees","http://www.karyopharm.com/","Pharmaceutical Manufacturing","Newton","MA","Newton, MA","Newton, MA","No"
"Kite Pharma","1,001-5,000 employees","http://www.kitepharma.com/","Biotechnology Research","Santa Monica","California","Santa Monica, California","Santa Monica, California","No"
"Komodo Health","501-1,000 employees","http://www.komodohealth.com/","Software Development","San Francisco","California","San Francisco, California","San Francisco, California","No"
"Kuros Biosciences","51-200 employees","http://www.kurosbio.com/","Medical Equipment Manufacturing","Schlieren","Zurich","Schlieren, Zurich","Schlieren, Zurich","No"
"Kyowa Kirin, Inc.- U.S.","501-1,000 employees","https://kkna.kyowakirin.com/","Pharmaceutical Manufacturing","Princeton","New Jersey","Princeton, New Jersey","Princeton, New Jersey","No"
"Eli Lilly and Company","10,001+ employees","http://www.lilly.com/","Pharmaceutical Manufacturing","Indianapolis","Indiana","Indianapolis, Indiana","Indianapolis, Indiana","No"
"LiNK Health Group","11-50 employees","http://www.linkhealthgroup.com/","Health and Human Services","Bridgewater","New Jersey","Bridgewater, New Jersey","Bridgewater, New Jersey","No"
"Liquidia Corporation","51-200 employees","http://www.liquidia.com/","Biotechnology Research","Morrisville","NC","Morrisville, NC","Morrisville, NC","No"
"Loma Linda University","10,001+ employees","http://llu.edu/","Higher Education","Loma Linda","ca","Loma Linda, ca","Loma Linda, ca","No"
"Lumanity","1,001-5,000 employees","http://www.lumanity.com/","Business Consulting and Services","Morristown","New Jersey","Morristown, New Jersey","Morristown, New Jersey","No"
"Med Communications","201-500 employees","http://www.medcommunications.com/","Business Consulting and Services","Memphis","Tennessee","Memphis, Tennessee","Memphis, Tennessee","No"
"Med Communications","201-500 employees","http://www.medcommunications.com/","Business Consulting and Services","Memphis","Tennessee","Memphis, Tennessee","Memphis, Tennessee","No"
"Med Communications","201-500 employees","http://www.medcommunications.com/","Business Consulting and Services","Memphis","Tennessee","Memphis, Tennessee","Memphis, Tennessee","No"
"MEDAMETHEUS LLC","0-1 employees","https://www.medametheus.com/","Business Consulting and Services","Virginia Beach","Virginia","Virginia Beach, Virginia","Virginia Beach, Virginia","No"
"MedComms Experts","51-200 employees","https://www.medcomms-experts.com/","Pharmaceutical Manufacturing","Zurich","Zurich","Zurich, Zurich","Zurich, Zurich","No"
"Medical Affairs Recruiting, LLC","2-10 employees","http://www.medicalaffairsrecruiting.com/","Pharmaceutical Manufacturing","Morehead City","NC","Morehead City, NC","Morehead City, NC","No"
"Medical Affairs Value","0-1 employees","https://medicalaffairsvalue.com/","Business Consulting and Services","Phoenix","AZ","Phoenix, AZ","Phoenix, AZ","No"
"MEDiSTRAVA, an Inizio Company","201-500 employees","https://www.medistrava.com/","Pharmaceutical Manufacturing","London","England","London, England","London, England","No"
"MEDiSTRAVA, an Inizio Company","201-500 employees","https://www.medistrava.com/","Pharmaceutical Manufacturing","London","England","London, England","London, England","No"
"Medix UK plc","2-10 employees","http://www.medixglobal.com/","Market Research","Steeple Morden","Hertfordshire","Steeple Morden, Hertfordshire","Steeple Morden, Hertfordshire","No"
"MedThink SciCom","51-200 employees","http://www.fingerpaint.com/","Pharmaceutical Manufacturing","Research Triangle Park","NC","Research Triangle Park, NC","Research Triangle Park, NC","No"
"MedTrix Healthcare","51-200 employees","http://www.medtrixhealthcare.com/","Advertising Services","Bridgewater","New Jersey","Bridgewater, New Jersey","Bridgewater, New Jersey","No"
"Medtronic","10,001+ employees","http://www.medtronic.com/","Medical Equipment Manufacturing","Minneapolis","MN","Minneapolis, MN","Minneapolis, MN","No"
"Melinta Therapeutics","51-200 employees","https://www.melinta.com/","Biotechnology Research","Parsippany","New Jersey","Parsippany, New Jersey","Parsippany, New Jersey","No"
"Melinta Therapeutics","51-200 employees","https://www.melinta.com/","Biotechnology Research","Parsippany","New Jersey","Parsippany, New Jersey","Parsippany, New Jersey","No"
"Merck","10,001+ employees","http://merck.us/2J2xAUh","Pharmaceutical Manufacturing","Rahway","New Jersey","Rahway, New Jersey","Rahway, New Jersey","No"
"Merck","10,001+ employees","http://merck.us/2J2xAUh","Pharmaceutical Manufacturing","Rahway","New Jersey","Rahway, New Jersey","Rahway, New Jersey","No"
"Merck","10,001+ employees","http://merck.us/2J2xAUh","Pharmaceutical Manufacturing","Rahway","New Jersey","Rahway, New Jersey","Rahway, New Jersey","No"
"Merz Aesthetics","1,001-5,000 employees","http://www.merzaesthetics.com/","Pharmaceutical Manufacturing","Raleigh","NC","Raleigh, NC","Raleigh, NC","No"
"MICHAEL KIRWIN","N/A","","Medical Practices","Cuyahoga Falls","Ohio","Cuyahoga Falls, Ohio","Cuyahoga Falls, Ohio","No"
"National Bleeding Disorders Foundation","51-200 employees","https://bleeding.org/","Non-profit Organizations","New York","NY","New York, NY","New York, NY","No"
"Neolytica - A QPharma Company","201-500 employees","https://neolytica.ai/","Pharmaceutical Manufacturing","Morristown","New Jersey","Morristown, New Jersey","Morristown, New Jersey","No"
"Neolytica - A QPharma Company","201-500 employees","https://neolytica.ai/","Pharmaceutical Manufacturing","Morristown","New Jersey","Morristown, New Jersey","Morristown, New Jersey","No"
"UJS Consultancy Pvt. Ltd.","51-200 employees","https://ujs.co.in/","Staffing and Recruiting","New Delhi","Delhi","New Delhi, Delhi","New Delhi, Delhi","No"
"Nexentria","11-50 employees","https://nexentria.com/","Software Development","San Francisco","CA","San Francisco, CA","San Francisco, CA","No"
"Novartis","10,001+ employees","https://www.novartis.com/","Pharmaceutical Manufacturing","Basel","Baselstadt","Basel, Baselstadt","Basel, Baselstadt","No"
"Novartis","10,001+ employees","https://www.novartis.com/","Pharmaceutical Manufacturing","Basel","Baselstadt","Basel, Baselstadt","Basel, Baselstadt","No"
"OM1, Inc.","51-200 employees","http://www.om1.com/","Pharmaceutical Manufacturing","Boston","Massachusetts","Boston, Massachusetts","Boston, Massachusetts","No"
"OneStep","51-200 employees","http://onestep.co/","Hospitals and Health Care","New York","NY","New York, NY","New York, NY","No"
"OneStep Technologies","0-1 employees","https://onesteptechnologies.co.za/","Internet Publishing","Cape Town","Western Cape","Cape Town, Western Cape","Cape Town, Western Cape","No"
"ONO PHARMA USA","51-200 employees","https://us.ono-pharma.com/","Pharmaceutical Manufacturing","Cambridge","Massachusetts","Cambridge, Massachusetts","Cambridge, Massachusetts","No"
"Onomi","51-200 employees","https://onomi.io/","Information Services","Lausanne","Vaud","Lausanne, Vaud","Lausanne, Vaud","No"
"Organon","10,001+ employees","http://www.organon.com/","Pharmaceutical Manufacturing","Jersey City","NJ","Jersey City, NJ","Jersey City, NJ","No"
"Otsuka Pharmaceutical Companies (U.S.)","1,001-5,000 employees","http://www.otsuka-us.com/","Pharmaceutical Manufacturing","Princeton","NJ","508 Carnegie Center, Princeton, NJ 08540, US","US","No"
"Meretek Diagnostics Group of Otsuka America Pharmaceutical, Inc.","N/A","http://meretek.com/","Medical Equipment Manufacturing","Lafayette","Colorado","Lafayette, Colorado","Lafayette, Colorado","No"
"Otsuka Pharmaceutical Development & Commercialization, Inc.","N/A","","Pharmaceutical Manufacturing","Princeton","New Jersey","Princeton, New Jersey","Princeton, New Jersey","No"
"Otsuka Pharmaceutical Development & Commercialization, Inc.","N/A","","Pharmaceutical Manufacturing","Princeton","New Jersey","Princeton, New Jersey","Princeton, New Jersey","No"
"Oxford PharmaGenesis","501-1,000 employees","https://www.pharmagenesis.com/?utm_source=LinkedIn&utm_medium=Button&utm_campaign=Website&utm_id=Website","Pharmaceutical Manufacturing","Oxford","Oxfordshire","Oxford, Oxfordshire","Oxford, Oxfordshire","No"
"Pacira BioSciences, Inc.","501-1,000 employees","http://www.pacira.com/","Pharmaceutical Manufacturing","Tampa","Florida","Tampa, Florida","Tampa, Florida","No"
"Parexel","10,001+ employees","http://www.parexel.com/","Pharmaceutical Manufacturing","Durham","North Carolina","Durham, North Carolina","Durham, North Carolina","No"
"PDS Biotechnology","11-50 employees","http://www.pdsbiotech.com/","Biotechnology","Princeton","New Jersey","Princeton, New Jersey","Princeton, New Jersey","No"
"Pfizer","10,001+ employees","http://www.pfizer.com/","Pharmaceutical Manufacturing","New York","New York","New York, New York","New York, New York","No"
"phactMI","2-10 employees","https://www.phactmi.org/","Pharmaceutical Manufacturing","Glen Mills","PA","Glen Mills, PA","Glen Mills, PA","No"
"Pharmacosmos Therapeutics Inc.","51-200 employees","https://www.linkedin.com/search/results/people/?currentCompany=%5B%2252136353%22%5D&origin=COMPANY_PAGE_CANNED_SEARCH","Pharmaceutical Manufacturing","Morristown","NJ","Morristown, NJ","Morristown, NJ","No"
"Pharmacosmos Therapeutics Inc.","51-200 employees","https://www.linkedin.com/search/results/people/?currentCompany=%5B%2252136353%22%5D&origin=COMPANY_PAGE_CANNED_SEARCH","Pharmaceutical Manufacturing","Morristown","NJ","Morristown, NJ","Morristown, NJ","No"
"Phathom Pharmaceuticals","201-500 employees","http://phathompharma.com/","Biotechnology Research","Florham Park","New Jersey","100 Campus Drive, Suite 102, Florham Park, New Jersey 07932, US","70 Willow Rd, Suite 200, Menlo Park, California 94025, US, 2150 E Lake Cook Rd, Suite 800, Buffalo Grove, Illinois 60089, US","No"
"Philips","10,001+ employees","https://www.philips.com/a-w/about.html","Hospitals and Health Care","Amsterdam","Noord-Holland","Amsterdam, Noord-Holland","Amsterdam, Noord-Holland","No"
"PPD","10,001+ employees","https://www.ppd.com/","Research Services","Waltham","Massachusetts","Waltham, Massachusetts","Waltham, Massachusetts","No"
"Precision AQ","1,001-5,000 employees","http://www.precisionaq.com/","Business Consulting and Services","New York","NY","New York, NY","New York, NY","No"
"Precision Value & Health","1,001-5,000 employees","https://www.precisionvaluehealth.com/","Business Consulting and Services","New York","NY","New York, NY","New York, NY","No"
"Premier Research","1,001-5,000 employees","http://www.premier-research.com/","Biotechnology Research","Morrisville","NC","Morrisville, NC","Morrisville, NC","No"
"Prescient","201-500 employees","http://www.prescienthg.com/","Business Consulting and Services","London","UK","London, UK","London, UK","No"
"Health Science Communications","51-200 employees","https://www.hcg-int.com/","Advertising Services","New York","New York","New York, New York","New York, New York","No"
"ProPharma","5,001-10,000 employees","http://www.propharmagroup.com/","Business Consulting and Services","Raleigh","North Carolina","Raleigh, North Carolina","Raleigh, North Carolina","No"
"Treximo (A ProPharma Group Company)","501-1,000 employees","http://www.propharmagroup.com/","Business Consulting and Services","Western Springs","Illinois","Western Springs, Illinois","Western Springs, Illinois","No"
"Publicis","1,001-5,000 employees","http://publicisna.com/","Advertising Services","New York","New York","New York, New York","New York, New York","No"
"Publicis Health","1,001-5,000 employees","http://www.publicishealth.com/","Advertising Services","New York","NY","New York, NY","New York, NY","No"
"Putnam","201-500 employees","http://www.putassoc.com/","Business Consulting and Services","Boston","MA","Boston, MA","Boston, MA","No"
"Qinexa","11-50 employees","https://qinexa.com/","Professional Training and Coaching","Greater Philadelphia","PA","Greater Philadelphia, PA","Greater Philadelphia, PA","No"
"Qinexa","11-50 employees","https://qinexa.com/","Professional Training and Coaching","Greater Philadelphia","PA","Greater Philadelphia, PA","Greater Philadelphia, PA","No"
"Razorfish Health","201-500 employees","http://razorfish.health/","Advertising Services","Philadelphia","PA","Philadelphia, PA","Philadelphia, PA","No"
"Recordati Rare Diseases North America","201-500 employees","http://recordatirarediseases.com/","Pharmaceutical Manufacturing","Bridgewater","New Jersey","Bridgewater, New Jersey","Bridgewater, New Jersey","No"
"Red Nucleus","501-1,000 employees","https://rednucleus.com/","Pharmaceutical Manufacturing","Yardley","PA","Yardley, PA","Yardley, PA","No"
"Red Nucleus Solutions LLC","51-200 employees","http://red-nucleus.com/","Information Technology & Services","Hamilton","New Jersey","Hamilton, New Jersey","Hamilton, New Jersey","No"
"Regeneron","10,001+ employees","http://www.regeneron.com/","Biotechnology","Tarrytown","New York","Tarrytown, New York","Tarrytown, New York","No"
"Reverb","201-500 employees","http://www.reverb.com/","Musicians","Chicago","IL","Chicago, IL","Chicago, IL","No"
"Revolution Medicines","501-1,000 employees","http://www.revmed.com/","Biotechnology Research","Redwood City","California","Redwood City, California","Redwood City, California","No"
"Resolute Consulting Group","51-200 employees","https://www.resolutecg.com/","IT Services and IT Consulting","Houston","Texas","Houston, Texas","Houston, Texas","No"
"Rezolute, Inc.","51-200 employees","http://www.rezolutebio.com/","Biotechnology Research","Redwood City","California","Redwood City, California","Redwood City, California","No"
"Rezolute, Inc.","51-200 employees","http://www.rezolutebio.com/","Biotechnology Research","Redwood City","California","Redwood City, California","Redwood City, California","No"
"Rhythm Pharmaceuticals Inc.","51-200 employees","http://www.rhythmtx.com/","Biotechnology Research","Boston","MA","Boston, MA","Boston, MA","No"
"Rocky Mountain Poison & Drug Safety (RMPDS)","201-500 employees","http://www.rmpds.org/","Hospitals and Health Care","Denver","CO","Denver, CO","Denver, CO","No"
"RTI Health Solutions","201-500 employees","http://www.rtihs.org/","Research Services","Research Triangle Park","North Carolina","Research Triangle Park, North Carolina","Research Triangle Park, North Carolina","No"
"Sage's Tower Publishing","2-10 employees","https://sagestowerpublishing.com/","Book and Periodical Publishing","Dayton","OH","Dayton, OH","Dayton, OH","No"
"Sage Therapeutics","201-500 employees","http://www.sagerx.com/","Biotechnology Research","Cambridge","MA","Cambridge, MA","Cambridge, MA","No"
"Salience Learning","11-50 employees","https://saliencelearning.com/","Pharmaceutical Manufacturing","New York","NY","New York, NY","New York, NY","No"
"Sandoz","10,001+ employees","https://www.sandoz.com/","Pharmaceutical Manufacturing","Basel","Basel-Stadt","Basel, Basel-Stadt","Basel, Basel-Stadt","No"
"Sanofi","10,001+ employees","http://www.sanofi.com/","Pharmaceutical Manufacturing","Paris","France","Paris, France","Paris, France","No"
"sanofi us","10,001+ employees","https://www.sanofi.us/","Pharmaceutical Manufacturing","Irvine","15800 Alton Parkway","Irvine, 15800 Alton Parkway","Irvine, 15800 Alton Parkway","No"
"SciMax Global","51-200 employees","https://www.scimaxglobal.com/","Software Development","Princeton","New Jersey","Princeton, New Jersey","Princeton, New Jersey","No"
"SEI","1,001-5,000 employees","http://www.seic.com/","Financial Services","Oaks","PA","Oaks, PA","Oaks, PA","No"
"SEMbio","2-10 employees","http://www.sembiogroup.com/","Staffing and Recruiting","Frisco","TX","Frisco, TX","Frisco, TX","No"
"Sermo","501-1,000 employees","http://www.sermo.com/","Software Development","New York","NY","New York, NY","New York, NY","No"
"Shionogi Inc. (U.S.)","501-1,000 employees","http://www.shionogi.com/","Pharmaceutical Manufacturing","Florham Park","New Jersey","Florham Park, New Jersey","Florham Park, New Jersey","No"
"slice","1,001-5,000 employees","https://sliceit.com/","Financial Services","bangalore","karnataka","bangalore, karnataka","bangalore, karnataka","No"
"Sorcero","51-200 employees","http://www.sorcero.com/","Software Development","Washington","District of Columbia","Washington, District of Columbia","Washington, District of Columbia","No"
"Sorcero","51-200 employees","http://www.sorcero.com/","Software Development","Washington","District of Columbia","Washington, District of Columbia","Washington, District of Columbia","No"
"Spark Therapeutics, Inc.","501-1,000 employees","http://www.sparktx.com/","Biotechnology Research","Philadelphia","PA","Philadelphia, PA","Philadelphia, PA","No"
"STEM","51-200 employees","http://www.stemhealthcare.com/","Pharmaceutical Manufacturing","London","England","London, England","London, England","No"
"Stratevi","11-50 employees","http://www.stratevi.com/","Biotechnology Research","Santa Monica","California","Santa Monica, California","Santa Monica, California","No"
"Sumitomo Pharma America, Inc.","1,001-5,000 employees","http://us.sumitomo-pharma.com/","Pharmaceutical Manufacturing","Marlborough","Massachusetts","Marlborough, Massachusetts","Marlborough, Massachusetts","No"
"Summit Therapeutics, Inc.","51-200 employees","https://www.smmttx.com/","Biotechnology Research","Miami","Florida","Miami, Florida","Miami, Florida","No"
"Supernus Pharmaceuticals, Inc.","201-500 employees","http://www.supernus.com/","Pharmaceutical Manufacturing","Rockville","Maryland","Rockville, Maryland","Rockville, Maryland","No"
"Symbiotix, LLC","51-200 employees","http://www.symbiotix.com/","Pharmaceutical Manufacturing","Lexington","Kentucky","Lexington, Kentucky","Lexington, Kentucky","No"
"Symbiotix, LLC","51-200 employees","http://www.symbiotix.com/","Pharmaceutical Manufacturing","Lexington","Kentucky","Lexington, Kentucky","Lexington, Kentucky","No"
"Syneos Health","10,001+ employees","http://www.syneoshealth.com/","Biotechnology Research","Morrisville","NC","Morrisville, NC","Morrisville, NC","No"
"The Chicago School","201-500 employees","http://thechicagoschool.edu/","Higher Education","Chicago","IL","Chicago, IL","Chicago, IL","No"
"The Lockwood Group","51-200 employees","http://www.thelockwoodgroupllc.com/","Defense and Space Manufacturing","Belcamp","Maryland","Belcamp, Maryland","Belcamp, Maryland","No"
"The Medical Affairs Company (TMAC)","51-200 employees","http://www.themedicalaffairscompany.com/","Pharmaceutical Manufacturing","Greater Atlanta Area","GA","Greater Atlanta Area, GA","Greater Atlanta Area, GA","No"
"The Riverside Company","201-500 employees","http://www.riversidecompany.com/","Investment Management","New York City","New York","New York City, New York","New York City, New York","No"
"Theravance Biopharma US, LLC","51-200 employees","http://www.theravance.com/home","Biotechnology","South San Francisco","CA","South San Francisco, CA","South San Francisco, CA","No"
"TikaMobile","11-50 employees","http://www.tikamobile.com/","Software Development","New York","NY","New York, NY","New York, NY","No"
"Traverse Group, Inc.","11-50 employees","http://traverse.group/","Retail","Rogers","Arkansas","Rogers, Arkansas","Rogers, Arkansas","No"
"Travere Therapeutics","201-500 employees","https://www.travere.com/","Biotechnology","San Diego","California","San Diego, California","San Diego, California","No"
"Triducive®","11-50 employees","https://triducive.com/","Pharmaceutical Manufacturing","St Albans","Hertfordshire","St Albans, Hertfordshire","St Albans, Hertfordshire","No"
"Trinity Life Sciences","1,001-5,000 employees","https://trinitylifesciences.com/","Business Consulting and Services","Waltham","MA","Waltham, MA","Waltham, MA","No"
"Tris Pharma","501-1,000 employees","http://www.trispharma.com/","Pharmaceutical Manufacturing","Monmouth Junction","New Jersey","2031 US-130, Monmouth Junction, New Jersey 08852, US","2033 Route 130, Monmouth Junction, NJ 08852, US","No"
"Truveta","201-500 employees","http://www.truveta.com/","Hospitals and Health Care","Seattle area","Washington","Seattle area, Washington","Seattle area, Washington","No"
"Unaffiliated","2-10 employees","http://www.unaffiliatedworks.com/","Technology, Information and Internet","Chicago","IL","Chicago, IL","Chicago, IL","No"
"Uniphar Group","1,001-5,000 employees","http://www.uniphar.ie/","Pharmaceutical Manufacturing","Citywest Business Park","Dublin","Citywest Business Park, Dublin","Citywest Business Park, Dublin","No"
"Uniphar Clinical","1,001-5,000 employees","https://unipharclinical.com/","Pharmaceutical Manufacturing","Garner","North Carolina","Garner, North Carolina","Garner, North Carolina","No"
"United Therapeutics Corporation","1,001-5,000 employees","http://www.unither.com/","Pharmaceutical Manufacturing","Silver Spring","Maryland","Silver Spring, Maryland","Silver Spring, Maryland","No"
"Haslam College of Business at the University of Tennessee","N/A","http://haslam.utk.edu/","Higher Education","Knoxville","TN","Knoxville, TN","Knoxville, TN","No"
"Valneva","501-1,000 employees","http://www.valneva.com/","Biotechnology Research","Saint-Herblain","Pays de la Loire","Saint-Herblain, Pays de la Loire","Saint-Herblain, Pays de la Loire","No"
"Vaniam Group","201-500 employees","http://vaniamgroup.com/","Advertising Services","Chicago","IL","Chicago, IL","Chicago, IL","No"
"Varian","5,001-10,000 employees","http://www.varian.com/","Medical Device","Palo Alto","CA","Palo Alto, CA","Palo Alto, CA","No"
"Veeva Systems","5,001-10,000 employees","http://www.veeva.com/","Software Development","Pleasanton","CA","Pleasanton, CA","Pleasanton, CA","No"
"Judge Consulting Group","201-500 employees","https://www.judge.com/services/consulting-services","IT Services and IT Consulting","Wayne","Pennsylvania","Wayne, Pennsylvania","Wayne, Pennsylvania","No"
"Veeva MedTech","N/A","https://www.veeva.com/medtech","Software Development","Pleasanton","CA","Pleasanton, CA","Pleasanton, CA","No"
"Veeva Systems","5,001-10,000 employees","http://www.veeva.com/","Software Development","Pleasanton","CA","Pleasanton, CA","Pleasanton, CA","No"
"Veeva Systems","5,001-10,000 employees","http://www.veeva.com/","Software Development","Pleasanton","CA","Pleasanton, CA","Pleasanton, CA","No"
"Veeva Systems","5,001-10,000 employees","http://www.veeva.com/","Software Development","Pleasanton","CA","Pleasanton, CA","Pleasanton, CA","No"
"Veloxis Pharmaceuticals, Inc.","51-200 employees","https://www.veloxis.com/","Biotechnology Research","Cary","North Carolina","Cary, North Carolina","Cary, North Carolina","No"
"Verana Health","51-200 employees","http://www.veranahealth.com/","IT Services and IT Consulting","San Francisco","California","San Francisco, California","San Francisco, California","No"
"Verastem Oncology","51-200 employees","https://www.verastem.com/","Biotechnology Research","Needham","Massachusetts","Needham, Massachusetts","Needham, Massachusetts","No"
"Vertex Pharmaceuticals","5,001-10,000 employees","https://www.vrtx.com/","Biotechnology Research","Boston","MA","Boston, MA","Boston, MA","No"
"ViiV Healthcare","501-1,000 employees","http://www.viivhealthcare.com/","Pharmaceutical Manufacturing","London","England","London, England","London, England","No"
"Vor Bio","51-200 employees","http://www.vorbio.com/","Biotechnology Research","Cambridge","Massachusetts","Cambridge, Massachusetts","Cambridge, Massachusetts","No"
"Vynamic","201-500 employees","http://www.vynamic.com/","Business Consulting and Services","Philadelphia","PA","Philadelphia, PA","Philadelphia, PA","No"
"Werfen","5,001-10,000 employees","http://www.werfen.com/","Medical Equipment Manufacturing","L'Hospitalet de Llobregat","Barcelona","L'Hospitalet de Llobregat, Barcelona","L'Hospitalet de Llobregat, Barcelona","No"
"Within3","51-200 employees","https://www.within3.com/","Software Development","Lakewood","Ohio","Lakewood, Ohio","Lakewood, Ohio","No"
"Woven Health Collective","201-500 employees","https://www.wovenhc.com/","Advertising Services","New York","New York","New York, New York","New York, New York","No"
"X4 Pharmaceuticals","51-200 employees","http://www.x4pharma.com/","Biotechnology Research","Boston","Massachusetts","Boston, Massachusetts","Boston, Massachusetts","No"
"xenon pharma pvt ltd","51-200 employees","https://xenonpharma.in/","Pharmaceutical Manufacturing","vikas puri","Delhi","vikas puri, Delhi","vikas puri, Delhi","No"
"Xenon Pharmaceuticals Inc.","201-500 employees","http://www.xenon-pharma.com/","Biotechnology Research","Burnaby","BC","Burnaby, BC","Burnaby, BC","No"
"Zscaler","5,001-10,000 employees","https://www.zscaler.com/","Computer and Network Security","San Jose","California","San Jose, California","San Jose, California","No"
"ZS","10,001+ employees","http://www.zs.com/","Business Consulting and Services","Evanston","IL","Evanston, IL","Evanston, IL","No"
"ZS Associates/ZAS Construction Services (Pvt) Ltd","11-50 employees","https://zascs.com/","Construction","Lahore","Punjab","Lahore, Punjab","Lahore, Punjab","No"
