{
	"info": {
		"_postman_id": "d108b010-bdc6-4342-87d4-058240370d4d",
		"name": "LinkedIn Search Automation",
		"schema": "https://schema.getpostman.com/json/collection/v2.1.0/collection.json",
		"_exporter_id": "36549646",
		"_collection_link": "https://beladad-dev-team.postman.co/workspace/Excel-Sheet-Data~9ca4d161-5f08-4096-8961-0b4caca11de6/collection/36549646-d108b010-bdc6-4342-87d4-058240370d4d?action=share&source=collection_link&creator=36549646"
	},
	"item": [
		{
			"name": "login",
			"item": [
				{
					"name": "login",
					"request": {
						"method": "POST",
						"header": [],
						"body": {
							"mode": "raw",
							"raw": "{\r\n    \"email\":\"afifabutt2003@icloud.com\",\r\n    \"password\":\"Aloc2352\"\r\n}",
							"options": {
								"raw": {
									"language": "json"
								}
							}
						},
						"url": {
							"raw": "http://localhost:3000/api/automation/Linkedindirect/login",
							"protocol": "http",
							"host": [
								"localhost"
							],
							"port": "3000",
							"path": [
								"api",
								"automation",
								"Linkedindirect",
								"login"
							]
						}
					},
					"response": []
				},
				{
					"name": "init",
					"request": {
						"method": "POST",
						"header": [],
						"body": {
							"mode": "raw",
							"raw": "",
							"options": {
								"raw": {
									"language": "json"
								}
							}
						},
						"url": {
							"raw": "http://localhost:3000/api/automation/Linkedindirect/init",
							"protocol": "http",
							"host": [
								"localhost"
							],
							"port": "3000",
							"path": [
								"api",
								"automation",
								"Linkedindirect",
								"init"
							]
						}
					},
					"response": []
				}
			]
		},
		{
			"name": "scrape and retrieve company data",
			"item": [
				{
					"name": "scrape company details",
					"request": {
						"method": "POST",
						"header": [],
						"body": {
							"mode": "raw",
							"raw": "{\r\n    \"filePath\":\"C:\\/Users\\/Safee\\/Documents\\/NY 2025AttendeeList.csv\"\r\n}",
							"options": {
								"raw": {
									"language": "json"
								}
							}
						},
						"url": {
							"raw": "http://localhost:3000/api/automation/Linkedindirect/scrapeCompanyDetails",
							"protocol": "http",
							"host": [
								"localhost"
							],
							"port": "3000",
							"path": [
								"api",
								"automation",
								"Linkedindirect",
								"scrapeCompanyDetails"
							]
						}
					},
					"response": []
				},
				{
					"name": "scrape company people",
					"request": {
						"method": "POST",
						"header": [],
						"body": {
							"mode": "raw",
							"raw": "{\r\n    \"filePath\":\"C:\\/Users\\/Safee\\/Documents\\/NY 2025AttendeeList.csv\"\r\n}",
							"options": {
								"raw": {
									"language": "json"
								}
							}
						},
						"url": {
							"raw": "http://localhost:3000/api/automation/Linkedindirect/scrapeCompanyPeople",
							"protocol": "http",
							"host": [
								"localhost"
							],
							"port": "3000",
							"path": [
								"api",
								"automation",
								"Linkedindirect",
								"scrapeCompanyPeople"
							]
						}
					},
					"response": []
				}
			]
		}
	]
}