fullName,jobTitle,profileUrl,companyName
Marlena Orthlieb,Certified Genetic Counselor | Genomic Health Programs & Medical Affairs,https://www.linkedin.com/in/marlena-orthlieb?miniProfileUrn=urn%3Ali%3Afs_miniProfile%3AACoAABFKyBQBESDZa3ywc9x-ve21knMomCLXOtc,23andMe
Stacey Detweiler,"Manager, Genomic Health & Medical Affairs",https://www.linkedin.com/in/stacey-detweiler-a06948119?miniProfileUrn=urn%3Ali%3Afs_miniProfile%3AACoAAB2Be6YBJjX5bWVBnnn_Fd5M_StIdpqR0dI,23andMe
Tyler Dinkelaker,Sr. Healthcare Counsel,https://www.linkedin.com/in/tyleredinkelaker?miniProfileUrn=urn%3Ali%3Afs_miniProfile%3AACoAAAVuV6MBLxJG0z_89mIjI_hw2YBWldsj83I,23andMe
Kyra Taylor,Strategic Brand Communications | Media Relations | Public Relations,https://www.linkedin.com/in/kyra-taylor-a1509565?miniProfileUrn=urn%3Ali%3Afs_miniProfile%3AACoAAA23UHEBXHprYsJEp41ci3EjoqxyNYxE8rg,23andMe
"Devika Dhamija, Ph.D. (she/her)",Research | Behavioral scientist | People Scientist | DEI,https://www.linkedin.com/in/devika-dhamija?miniProfileUrn=urn%3Ali%3Afs_miniProfile%3AACoAAAhUUJYBIUf-GJdpalP23sRZIZKTF6RE0Zk,23andMe
Angela Frank,Fractional CMO + Advisor | Health & Wellness Startups ,https://www.linkedin.com/in/angelabfrank?miniProfileUrn=urn%3Ali%3Afs_miniProfile%3AACoAAAtpzB8BwDf0oBClc6I6OQlwzgxPnYii5GA,23andMe
"Devang Ghela","Developer","https://www.linkedin.com/in/gheladevang?miniProfileUrn=urn%3Ali%3Afs_miniProfile%3AACoAACQJBpMBrs_IOZfTsqIYyigm84cWvBlNhyk","3vue LLC"
"Alexander Baughman","Data Scientist","https://www.linkedin.com/in/alexander-baughman-55714b127?miniProfileUrn=urn%3Ali%3Afs_miniProfile%3AACoAAB8qzVMBX07CPOKPrcexJyeo1rmFJtAKCG0","3vue LLC"
"Fahrudin Mujic","Data Developer/Strategist","https://www.linkedin.com/in/fahrudinmujic?miniProfileUrn=urn%3Ali%3Afs_miniProfile%3AACoAACo_yxUBpGnEzemCQLIuQfiDtvwsyDt_kD0","3vue LLC"
Alex Dixon,Strategy and Insights Analyst,https://www.linkedin.com/in/alexdixon23?miniProfileUrn=urn%3Ali%3Afs_miniProfile%3AACoAADhVGZUBsmanwRYSQYAYHTtDn_uRfB_BbX4,81qd
"Justin Erswell","Head of Product","https://www.linkedin.com/in/justinerswell?miniProfileUrn=urn%3Ali%3Afs_miniProfile%3AACoAAAE9DyYBsqolK_21x8kpVq5Oyn7UYq5GxEA","9LABS Inc"
"Daniel Gibbs","CEO","https://www.linkedin.com/in/danielgibbs1?miniProfileUrn=urn%3Ali%3Afs_miniProfile%3AACoAAAEy68oBt7j5Kr1SKo1uKU3Iklk4qNE717w","9LABS Inc"
"Sourojit (Jit) Bhowmick, MS, PhD",R&D/Pipeline and External Innovation Communications Leader,https://www.linkedin.com/in/sourojit?miniProfileUrn=urn%3Ali%3Afs_miniProfile%3AACoAAAKaks0B2c5qIW3ozjQ239rz-aYIT-ZBHOU,AbbVie
Olivier A.,Medical Project Manager ,https://www.linkedin.com/in/olivier-ah?miniProfileUrn=urn%3Ali%3Afs_miniProfile%3AACoAAEFZxEQBm0TYSzgChzQhc4DgvM6Joue3ADQ,AbbVie
Sandra Shpilberg,Co-Founder & CEO,https://www.linkedin.com/in/sandra-shpilberg-b7b334?miniProfileUrn=urn%3Ali%3Afs_miniProfile%3AACoAAAAMeI8BX3mvDTpQwKJ9SCQAZRFQjQM_iio,Adnexi
Meagan Mansfield,Strategic Advisor-,https://www.linkedin.com/in/meaganmansfield?miniProfileUrn=urn%3Ali%3Afs_miniProfile%3AACoAAAD4GPgBITAUPgnEOr05nPYr7INpcSWeV1s,Adnexi
Dr. Sonali Solanki,Marketing Leader (India Subcontinent),https://www.linkedin.com/in/dr-sonalisolanki-mdpath?miniProfileUrn=urn%3Ali%3Afs_miniProfile%3AACoAABk_PlwB5BdNqOaMQfDkusEuOpjhqHLMUgQ,Aerogen
"Lyudmila Garbovsky, PharmD, MHCI, BCPS, BCCCP",Medical Affairs | Critical Care Medicine | Emergency Medicine | Health Care Innovation,https://www.linkedin.com/in/lyudmila-garbovsky?miniProfileUrn=urn%3Ali%3Afs_miniProfile%3AACoAAB_nr8EB5IAJXJvJYuhaJNUQaqjqh9wSyWU,Aerogen
"Karmon Johnson, Pharm.D., MBA","Head of Medical Affairs, Americas ",https://www.linkedin.com/in/karmon-johnson-pharm-d-mba-9192ab10?miniProfileUrn=urn%3Ali%3Afs_miniProfile%3AACoAAAIt0WUBuim2QsH7rFDUJgOykLzWHkqAHlE,Aerogen
"Paige Ngo, PharmD",HEOR & Market Access Fellow,https://www.linkedin.com/in/paige-ngo?miniProfileUrn=urn%3Ali%3Afs_miniProfile%3AACoAACz8ixwBiPtktum8esjby3x3V6X2I8VNnmw,AESARA
"Ashik Jayakumar, PharmD, MS",Manager of Value and Evidence,https://www.linkedin.com/in/ashik-jayakumar-pharmd?miniProfileUrn=urn%3Ali%3Afs_miniProfile%3AACoAACDSWgkBUdp7wz198-W3iLQCbR0E5Tfq2J0,AESARA
"Amy Wu, PharmD",Health Outcomes & Market Access Fellow,https://www.linkedin.com/in/amywu18?miniProfileUrn=urn%3Ali%3Afs_miniProfile%3AACoAAC-ulvwBdawbfyt_l6qxgs0k3tjl6F_OwVk,AESARA
"Mike Pech","Award Winning Medical Sales Specialist","https://www.linkedin.com/in/mikepech?miniProfileUrn=urn%3Ali%3Afs_miniProfile%3AACoAAAKG4WoBM3DnYjGgoIOX70FTZIL7OT80K2U","Alkermes, Inc."
Eric Chen,CTO,https://www.linkedin.com/in/ewchen1?miniProfileUrn=urn%3Ali%3Afs_miniProfile%3AACoAAAA4QQYBRbWuU5RBpeZPMlCVPbI40nKIF3s,Alucio
Jeff Asada,Cloud-Based Software for Life Sciences  Medical Affairs & Market Access ,https://www.linkedin.com/in/jeffasada?miniProfileUrn=urn%3Ali%3Afs_miniProfile%3AACoAAACpdyYBVIgjHSLi2WVewZqTCNueRZejvqM,Alucio
Melissa C.,"VP Strategic Engagement  | Medical Affairs, Field Medical, Market Access | Non-Profit Co-Chair & Board Member",https://www.linkedin.com/in/melissa-c-ab252146?miniProfileUrn=urn%3Ali%3Afs_miniProfile%3AACoAAAmwCuYBh9mYxrpoJnZZbs9Gc8JeAjUGYEI,Alucio
Dave Gulezian,Co-Founder and CEO,https://www.linkedin.com/in/davegulezian?miniProfileUrn=urn%3Ali%3Afs_miniProfile%3AACoAAAApRm4B7Wtj_K5zJFutic9WuZLMHPz9JaM,Alucio
"Irit Rappley","Chief Scientific Officer | Strategic Advisor | Consultant","https://www.linkedin.com/in/iritrappley?miniProfileUrn=urn%3Ali%3Afs_miniProfile%3AACoAAAV5efYBYXFDK4vdyBp_AXFa5uUdjJ-WSq8","ALZpath"
"muzammil.ur.Rehman malick","Bachelor of Commerce - BCom","https://www.linkedin.com/in/muzammil-ur-rehman-malick-b043761bb?miniProfileUrn=urn%3Ali%3Afs_miniProfile%3AACoAADMiObQBqe6RzwDFZuyIIQUrm86dzL7ueXo","AmericsourceBergen"
"Anne Clare Wadsworth","Co-founder & Managing Partner @Amica Scientific","https://www.linkedin.com/in/anne-clare-wadsworth-a3b41810?miniProfileUrn=urn%3Ali%3Afs_miniProfile%3AACoAAAIyfM8BdsJdUoTCybgOMtgTsTK4jeBrMOA","Amica Scientific"
"Pat OSullivan","Chief Technical Operations Officer - Amicus Therapeutics","https://www.linkedin.com/in/pat-osullivan-a5862927?miniProfileUrn=urn%3Ali%3Afs_miniProfile%3AACoAAAWcHKQBYl98qblSUVc1quntTnrK_9N2SuY","Amicus Therapeutics"
"Michael Gruehl","Assistant Controller","https://www.linkedin.com/in/michael-gruehl-37560926a?miniProfileUrn=urn%3Ali%3Afs_miniProfile%3AACoAAEHxJskBLIXhV6H5XeQc9hp1R5CKN3V7XYg","Amplity"
"Natasha P.","Clinical Operations Professional","https://www.linkedin.com/in/natasha-p-9b08672?miniProfileUrn=urn%3Ali%3Afs_miniProfile%3AACoAAAB7mtQBTrvMB2tFjEOphVJCgON8V8ynCjM","Apellis Pharmaceuticals"
"Amanda B.","Manager, Clinical Supply Chain","https://www.linkedin.com/in/amanda-balzafiore?miniProfileUrn=urn%3Ali%3Afs_miniProfile%3AACoAACUt2JcBoccatDqayTdllF4qZb3oN7dFC4w","Apogee"
"Yasir Habib","Manager Production Astellas Pharmaceutical",https://www.linkedin.com/in/yasir-habib-a96984122?miniProfileUrn=urn%3Ali%3Afs_miniProfile%3AACoAAB5mdRIBQz6T1DI4Y6dqOws37YOs0G6qV7Q","Astellas"
"Shafiq Ahmad","Sales And Marketing Specialist | Bachelor of Business Administration - BBA","https://www.linkedin.com/in/shafiq-ahmad22?miniProfileUrn=urn%3Ali%3Afs_miniProfile%3AACoAACihPT0BgNhy7z1gUB6eNMl9YHKRw8bHiEY","Astrazeneca" 
"Deborah Farlow, PhD",Medical and Scientific Affairs and Communications,https://www.linkedin.com/in/deborah-farlow-phd-7234468?miniProfileUrn=urn%3Ali%3Afs_miniProfile%3AACoAAAF9IIsBCtfQTe5P9GddwYRd6dJwz31HHm4,AskBio
"Karen Bulaklak, Ph.D.",Principal Scientist - Gene Editing,https://www.linkedin.com/in/karenbulaklak?miniProfileUrn=urn%3Ali%3Afs_miniProfile%3AACoAAAopv2sBnR_YeC6jr9ZE2D_eraxOmUG92ds,AskBio
Akash P.,Medical Director,https://www.linkedin.com/in/akash-pandhare?miniProfileUrn=urn%3Ali%3Afs_miniProfile%3AACoAAChD1VEBKwH7iA2t6PvzemMROhceGm7HJVM,AskBio
Brynna Bailey,Regulatory Affairs & Operations | Global Regulatory Submissions & Publishing,https://www.linkedin.com/in/brynnabailey?miniProfileUrn=urn%3Ali%3Afs_miniProfile%3AACoAAAAhG-kB2zayheztPBesYABsBgKegxWsyHU,AskBio
Enejda Subashi,Preclinical Project Manager | Gene Therapy | Translational R&D | CRO Strategy | DMTA Execution,https://www.linkedin.com/in/enejda-subashi?miniProfileUrn=urn%3Ali%3Afs_miniProfile%3AACoAAAQH0QYBpkFI2YqQywVfIHdPnDhmHUYttuw,AskBio
Asad Bilal,Private,https://www.linkedin.com/in/asad-bilal-87ba3028?miniProfileUrn=urn%3Ali%3Afs_miniProfile%3AACoAAAXY798Bc4zQXy5LLuJWtcAi36XLwRKdQkM,Astrazeneca
Shafiq Ahmad,Sales And Marketing Specialist | Bachelor of Business Administration - BBA,https://www.linkedin.com/in/shafiq-ahmad22?miniProfileUrn=urn%3Ali%3Afs_miniProfile%3AACoAACihPT0BgNhy7z1gUB6eNMl9YHKRw8bHiEY,Astrazeneca
Dhriti Akhouri,Medical Communications and Content Strategy | Promotional & Scientific Writing/Review l Artifical Intelligence in Medical Information,https://www.linkedin.com/in/dhritiakhouri?miniProfileUrn=urn%3Ali%3Afs_miniProfile%3AACoAAANdWV0BQfar51PdDmnTGoaaowtb4HznwDU,Astrazeneca
"Jesus Villeza Jr., MD",Medical Affairs | Physician,https://www.linkedin.com/in/jesusvillezajr?miniProfileUrn=urn%3Ali%3Afs_miniProfile%3AACoAAA1pjmsBKTg80NA0zDhBU_mWhMbr4xdqIqY,Astrazeneca
"Shegaf Raslan Pharm.D, BCPS",Medical Affairs Manager,https://www.linkedin.com/in/shegaf-raslan-pharm-d-bcps-8ab85278?miniProfileUrn=urn%3Ali%3Afs_miniProfile%3AACoAABB_x4MBpS-tR0ga6ExNoEbhWPgqh9Ol8lE,Astrazeneca
Jorge Malheiro,"Global Medical Affairs Leader, CVRM",https://www.linkedin.com/in/jorge-malheiro-398055a4?miniProfileUrn=urn%3Ali%3Afs_miniProfile%3AACoAABYTeOQB2pm2eY_nATg55rq0Rc7kxHUkbcE,Astrazeneca
"Alex D. Ray, CFA","Healthcare & Technology Venture Capital","https://www.linkedin.com/in/alexraycfa?miniProfileUrn=urn%3Ali%3Afs_miniProfile%3AACoAABMEnMMBHgQaaR43Y0p1-slZg9OdNshX8pk","Atropos Health"
"Graydon Hughes","Director - Health Systems Sales","https://www.linkedin.com/in/graydon-hughes?miniProfileUrn=urn%3Ali%3Afs_miniProfile%3AACoAAArmHgMBQgZY_ol9S2nasx8m2ana63CmT0M","Atropos Health"
"Tuan Nguyen","Data-Driven Leader in Healthcare Analytics | Transforming Patient Journeys & Commercial Strategy Through Predictive Insights","https://www.linkedin.com/in/tuann20871?miniProfileUrn=urn%3Ali%3Afs_miniProfile%3AACoAABJBCJYB2DTgbYtzEWdZQDdJsqZvEUB2Nms","Aurinia"
"Azar Azad","Chief Executive Officer","https://www.linkedin.com/in/azar-azad?miniProfileUrn=urn%3Ali%3Afs_miniProfile%3AACoAAACQLMcBKCa3C5kt9q0kUSNucvy2FmxbnKc","AzadMedica Inc."
"Valentina Hanada","Consultant | Life Science","https://www.linkedin.com/in/valentina-hanada-968126220?miniProfileUrn=urn%3Ali%3Afs_miniProfile%3AACoAADeMG-ABVb_7y_tejkXN1scq_95EUoYZGJw","Barrington James"
"Zack Goodman","Recruiting Consultant","https://www.linkedin.com/in/zack-goodman-69a864231?miniProfileUrn=urn%3Ali%3Afs_miniProfile%3AACoAADn4NNYBhGq06s0lp57mxT_wwLBgzCa1Jy4","Barrington James"
"Peter Hanna, PharmD","Manager, Medical Affairs",https://www.linkedin.com/in/pharmafellow?miniProfileUrn=urn%3Ali%3Afs_miniProfile%3AACoAABdHw9sB6shrXJuCH_Rxju7ir9WorAbBLcI,Bayer
"Christian Behrens, PhD. RD.",Associate Director Medical Affairs,https://www.linkedin.com/in/christian-behrens-jr?miniProfileUrn=urn%3Ali%3Afs_miniProfile%3AACoAACeJTToB5gSfjUKyzoqHjBL44TKqRID9Fmo,Bayer
Navneet Miller,"Executive Director, Corporate Communications",https://www.linkedin.com/in/navneet-miller?miniProfileUrn=urn%3Ali%3Afs_miniProfile%3AACoAAAAffZ8BTYvJuYX4CaUTVY49BtYYC8w1kgs,Beigene
"Shona Bramble, MS, MBA",Publications Professional | Speaker | Author | Poet,https://www.linkedin.com/in/shona-bramble-ms-mba-b702885?miniProfileUrn=urn%3Ali%3Afs_miniProfile%3AACoAAADuLIQB-9hZycJkchs84F8bL0K82bXtZUs,Beigene
Katherine Snedden,"Business Development & Recruitment - BESTMSLs and The Doctor's Channel, part of Uniphar",https://www.linkedin.com/in/katherine-snedden?miniProfileUrn=urn%3Ali%3Afs_miniProfile%3AACoAAAIS9EMBAwNogq6Sjvo9c7t5eE9yGYcPBfY,BESTMSLs
"Alexander Lindh, MBA","Chief of Client Success - The Doctor's Channel, BESTMSLs, and MDea",https://www.linkedin.com/in/alexlindh?miniProfileUrn=urn%3Ali%3Afs_miniProfile%3AACoAAAERseUB8EX9xDHJ-zAY4QPYu-ZxGNk1j7o,BESTMSLs
"Michael Banks, MD","Medical Science Liaison, Medical Affairs and Digital Marketing Executive. ",https://www.linkedin.com/in/michaelbanksmd?miniProfileUrn=urn%3Ali%3Afs_miniProfile%3AACoAAAAf1gEBN0boLE4Afh0A_0SQ8tn-VoPCIWU,BESTMSLs
Charlotte Best,Corporate Project Management,https://www.linkedin.com/in/charlotte-best?miniProfileUrn=urn%3Ali%3Afs_miniProfile%3AACoAABHtO-oB_TlJXlXAyIZzPQp0IJjr-3Nz9uY,bioMerieux
Maria Kydonaki,Product Management | Marketing | Communications,https://www.linkedin.com/in/maria-kydonaki?miniProfileUrn=urn%3Ali%3Afs_miniProfile%3AACoAAAoHaSwBLjMhQXwYjVKNmk0I49MZHTnWKY0,bioMerieux
"Ruben Marrero-Vasquez, PharmD",US Medical Affairs Medical Advisor,https://www.linkedin.com/in/ruben-marrero-vasquez-pharmd-a1357b101?miniProfileUrn=urn%3Ali%3Afs_miniProfile%3AACoAABnkEu8BeucGNb9bmHg-WGnwQpbozP9JeKs,bioMerieux
Liza Huang,Head of Clinical Development and Operations,https://www.linkedin.com/in/liza-huang-20347820?miniProfileUrn=urn%3Ali%3Afs_miniProfile%3AACoAAARXHiMB2SWUATssR8rFFTBRbRgLZmbt7OI,Boehringer-Ingelheim
"Madhura Murar, PhD",Medical Affairs | Project Management | Scientific Communications,https://www.linkedin.com/in/madhuramurar?miniProfileUrn=urn%3Ali%3Afs_miniProfile%3AACoAABBe_osBNClXdNCkJRjxzx9LaXeP69FmLWo,Boehringer-Ingelheim
"Julia L. de Amorim, PhD",Rare diseases | Neurology | Medical Communications,https://www.linkedin.com/in/julialdeamorim?miniProfileUrn=urn%3Ali%3Afs_miniProfile%3AACoAABEb8vEBHQ6oQFtPFLFyUFUysxnL9Gu9FQQ,BOLDSCIENCE
Steven C Cohen,"Prepare teams for FDA Advisory Committee meetings,",https://www.linkedin.com/in/stevenccohen?miniProfileUrn=urn%3Ali%3Afs_miniProfile%3AACoAAAAySDUB2FcITi1JrmFWp3Z4ftyD4jcQbps,BOLDSCIENCE
Flavio Reis,Visual Communication | Presentation Strategist | Graphic Designer,https://www.linkedin.com/in/flavitoreis?miniProfileUrn=urn%3Ali%3Afs_miniProfile%3AACoAAAYaewIBdWd3Av-n8T3RSCcLhCuMfY3xCp8,BOLDSCIENCE
"Bushra Patel","Country Regulatory Lead","https://www.linkedin.com/in/bushra-patel-8495861b?miniProfileUrn=urn%3Ali%3Afs_miniProfile%3AACoAAAQtoTkBCo23CC6kV98Lv0LXPceAyMgwAM0","Baxter International, Inc"
"Katherine Snedden","Business Development & Recruitment - BESTMSLs and The Doctor's Channel, part of Uniphar","https://www.linkedin.com/in/katherine-snedden?miniProfileUrn=urn%3Ali%3Afs_miniProfile%3AACoAAAIS9EMBAwNogq6Sjvo9c7t5eE9yGYcPBfY","BESTMSLs"
"Alexander Lindh, MBA","Chief of Client Success - The Doctor's Channel, BESTMSLs, and MDea","https://www.linkedin.com/in/alexlindh?miniProfileUrn=urn%3Ali%3Afs_miniProfile%3AACoAAAERseUB8EX9xDHJ-zAY4QPYu-ZxGNk1j7o","BESTMSLs"
"Michael Banks, MD","Medical Science Liaison, Medical Affairs and Digital Marketing Executive. Take the time to learn about Bitcoin. Your kids or dogs will thank you. Fix the money, fix healthcare. A Sovereign MD","https://www.linkedin.com/in/michaelbanksmd?miniProfileUrn=urn%3Ali%3Afs_miniProfile%3AACoAAAAf1gEBN0boLE4Afh0A_0SQ8tn-VoPCIWU","BESTMSLs"
"Ethan Gritz","Strategy Director | Kellogg MBA Candidate","https://www.linkedin.com/in/ethan-gritz?miniProfileUrn=urn%3Ali%3Afs_miniProfile%3AACoAAB090i0B6eKObTwvvZdHDcCEqV9AlBb9Ojk","BGB Group"
"Mason Troche","Talent Acquisition Partner","https://www.linkedin.com/in/masontroche?miniProfileUrn=urn%3Ali%3Afs_miniProfile%3AACoAACIBc2kBwAYyMe2o1mGtk-ryivWgNiPFFG8","BGB Group"
"Takisha Stewart, BHA, CRCR, PACS","Access Operations Manager","https://www.linkedin.com/in/takisha-stewart-bha-crcr-pacs-b70b9735?miniProfileUrn=urn%3Ali%3Afs_miniProfile%3AACoAAAd44sQBR1zLYR14r9OZMsGSGuxadnb0YPk","BioCryst Pharmaceuticals"
"BRADFORD C. ALBUS","Vice President, Business Development, Alliance Partner","https://www.linkedin.com/in/bradford-c-albus?miniProfileUrn=urn%3Ali%3Afs_miniProfile%3AACoAAAFKDj8BjsFDZppcWErCJ4PooUQTYFcg5NQ","Bioliance Life Science Partners"
"Rutherford Pascal","Certified John Maxwell Coach Trainer and Keynote Speaker","https://www.linkedin.com/in/rutherford-pascal-42381b3?miniProfileUrn=urn%3Ali%3Afs_miniProfile%3AACoAAACnrZsBJchpjfebyh8kjaos5cTNVnKwEkE","Bioliance Life Science Partners"
"Dan Zavodnick, JD","Empowering Biopharma with Legal, Compliance, and Ad Promo Excellence | President","https://www.linkedin.com/in/danielzavodnick?miniProfileUrn=urn%3Ali%3Afs_miniProfile%3AACoAAAHu58gBTml8IGL7Jmvl01kNPvCDFv606SU","Bioliance Life Science Partners"
"Ronith Dunn","Life Science Partner/ Building Leadership Teams for Rare Disease companies/Expert Talent Partner and BD Strategist/Expanding Communities and Driving Biotech Success","https://www.linkedin.com/in/ronith-dunn-9025b2?miniProfileUrn=urn%3Ali%3Afs_miniProfile%3AACoAAAAWiZIB7h0qDhikwr-VaC1_x6kE_4Z9vY0","Bioliance Life Science Partners"
"Yaffa Grace, MPH","Life Science Partner | Talent Acquisition Leader | Rare Disease/Biotech Talent Strategy + Job Search Expert | Community Builder Commercial Teams, Market Access, Patient Services, Medical Affairs, Marketing","https://www.linkedin.com/in/yaffagrace?miniProfileUrn=urn%3Ali%3Afs_miniProfile%3AACoAAAURs54BYdjee143WWl02JyqjMGBO1LoSyE","Bioliance Life Science Partners"
Maria Winzell,Senior Director Drug Development Strategy & Innovation,https://www.linkedin.com/in/maria-winzell-94bb7b22?miniProfileUrn=urn%3Ali%3Afs_miniProfile%3AACoAAATM6osBWL6jDMDWh8JGkk2DRlhx0xbAiVE,Camurus
"Sonnie Kim, Pharm.D.","Medical Affairs, Clinical Development Executive",https://www.linkedin.com/in/sonnie-kim-pharm-d-123a765?miniProfileUrn=urn%3Ali%3Afs_miniProfile%3AACoAAAEMKCsBP0w-C4_-LyXDsB9EqCdMfmd3pBk,Camurus
Naga Srilekha Somu,Regulatory Affairs Specialist,https://www.linkedin.com/in/naga-srilekha-somu-232740335?miniProfileUrn=urn%3Ali%3Afs_miniProfile%3AACoAAFRK6UYBxEsJ01Sq5IhVeEie02Towstni1g,Celegence
Dimitar Stoyanov,Director of Engineering | Technology & Product Leadership,https://www.linkedin.com/in/dimitar-stoyanov-688a0073?miniProfileUrn=urn%3Ali%3Afs_miniProfile%3AACoAAA-h68gBlsI1I4zDD-MRe2BQ0is8EH5aOU4,Celegence
Sovan М.,Manager,https://www.linkedin.com/in/sovanm22?miniProfileUrn=urn%3Ali%3Afs_miniProfile%3AACoAAAOSYIcBWWJLTqzj1K-aHQ4ormgt4NisEio,Celegence
Mark Richards,"Tech-enhanced regulatory strategy, intelligence & operations",https://www.linkedin.com/in/mrichards101?miniProfileUrn=urn%3Ali%3Afs_miniProfile%3AACoAAALdnBQBkQg3XnnhiHz2tkXZBrzS0q2hGx0,Celegence
Arisha Prasad,Sr. Supplier Development Engineer,https://www.linkedin.com/in/arisha-prasad?miniProfileUrn=urn%3Ali%3Afs_miniProfile%3AACoAAC9ucRUBwfwkvMrwpcerIotAp7_jn7lPPx4,Cepheid
Nea Fagerroth,Sales Support & Office Manager,https://www.linkedin.com/in/neafagerroth?miniProfileUrn=urn%3Ali%3Afs_miniProfile%3AACoAAALV284BNRBIjQbx3wwG5Mf1ENba7YyeLSU,Cepheid
Praveen Chandrakar,Medical Device Regulatory Affairs Professional,https://www.linkedin.com/in/praveen-chandrakar-a85b8414?miniProfileUrn=urn%3Ali%3Afs_miniProfile%3AACoAAAMFbQUBh_LDnrHOsWDPjw8rOZqhuEdLoY0,Cepheid
"Romy Ho, M.D.",Experienced Medical Affairs Professional and People Manager | Regional Medical Director | APAC | IVD-Molecular Diagnostics | Infectious Diseases | SARS-CoV-2,https://www.linkedin.com/in/romy-ho-m-d-80a82412?miniProfileUrn=urn%3Ali%3Afs_miniProfile%3AACoAAAKdAYoBSu4mQVEUxpvhJYaGHT7CDMyc46c,Cepheid
Christine B.,REGULATORY AFFAIRS PROFESSIONAL | Medical Devices | Regulatory Strategy | Quality and Compliance | MDR Implementation | Project Management | ISO 13485 | MDSAP | ISO 14971 |,https://www.linkedin.com/in/christine-benoit-averill?miniProfileUrn=urn%3Ali%3Afs_miniProfile%3AACoAAAJ4Lt4BCLLykb5sGGQi_E4K0Py0D5YkO88,Cepheid
Maruf Hassan,"Laboratory Engineer, Production",https://www.linkedin.com/in/maruf-hassan-79605175?miniProfileUrn=urn%3Ali%3Afs_miniProfile%3AACoAAA_YsCIBAFAELnp_olsmVN7EhXQZt1Z5y1Q,Cepheid
Raneem Alawashiz,Molecular Solutions Specialist | Certified Professional in Health Informatics,https://www.linkedin.com/in/raneem-al-awashiz?miniProfileUrn=urn%3Ali%3Afs_miniProfile%3AACoAAA392QABj3fOMxxjsi2QDeDj7VCQHXC-r0k,Cepheid
"Delia Khayat, PharmD",US Medical Affairs Fellow | Immunology,https://www.linkedin.com/in/deliakhayat?miniProfileUrn=urn%3Ali%3Afs_miniProfile%3AACoAADBpt_wBM8tv_4tiiJ1IO2W_v1-UrlZD4IQ,CSL
"Charlie Knox, PharmD, RPh, MS",Publications Lead,https://www.linkedin.com/in/knoxcharlie?miniProfileUrn=urn%3Ali%3Afs_miniProfile%3AACoAACFXE-sBd6NWMhAQSmm7Vlpg06cyRDe-R0c,CSL
Sherif Sallam,IT System Administrator l IT Support Specialist I POS Systems Expert | Menu Management,https://www.linkedin.com/in/sherifsallam77?miniProfileUrn=urn%3Ali%3Afs_miniProfile%3AACoAAAQHP9oB8UTEnk2du1GLSR8WaWz4clzA7e0,DistillerSR
Christabel A.,Systematic Review Automation & Clinical Evidence Management | Medical Devices | Pharmaceuticals| SaaS,https://www.linkedin.com/in/christabel-a-b48496146?miniProfileUrn=urn%3Ali%3Afs_miniProfile%3AACoAACNPl-gBcJ4CWm04SraXwtOG06AOS7k4esI,DistillerSR
"Neal Patel, Pharm.D",Global Medical Affairs Leader | Scientific Communications | Product Strategy/LCM,https://www.linkedin.com/in/nealpatel2?miniProfileUrn=urn%3Ali%3Afs_miniProfile%3AACoAAAZazvcBMnMErIhrop2jxzZyUCF6Zpl1k1g,Dompe
Alice De Los Santos,"Sr. Director, Regulatory Writing",https://www.linkedin.com/in/alice-de-los-santos-15014926b?miniProfileUrn=urn%3Ali%3Afs_miniProfile%3AACoAAEIM_YwB_kUYCHCmER-YNhxemJLEZf0foe0,Dompe
Caterina Strumbo,Brand Manager - Healthcare/ Innovation/ Digital,https://www.linkedin.com/in/caterina-strumbo-a7596180?miniProfileUrn=urn%3Ali%3Afs_miniProfile%3AACoAABE6HrkBvsjrAgi8blnILw16XRxbIqlwFl0,Dompe
"Porsche Loring, PharmD",Medical Affairs Leader | Pharmacist,https://www.linkedin.com/in/porsche-loring-pharmd?miniProfileUrn=urn%3Ali%3Afs_miniProfile%3AACoAAAk6_jYB4QMWl45oJTbUacOrvlyZ02zf2fo,Dompe
Mike Liles,Vice President,https://www.linkedin.com/in/mike-liles-89916825?miniProfileUrn=urn%3Ali%3Afs_miniProfile%3AACoAAAUvPPUBEi1mNnNWHsx4McdEDQrH7he239Q,Doximity
Bill Braswell,Strategic | Innovative | Client-Centric | Digital Transformation | Life Sciences | Medical Affairs | Pharma,https://www.linkedin.com/in/bill-braswell-5570196?miniProfileUrn=urn%3Ali%3Afs_miniProfile%3AACoAAAER8NMBmRDu7qPeMbI0GBAqLIJdDXXF-N0,Doximity
Amit Phull,Chief Physician Experience Officer,https://www.linkedin.com/in/amit-phull-09931667?miniProfileUrn=urn%3Ali%3Afs_miniProfile%3AACoAAA4bTfUBygBnEMSAbJFzGjIuQkGJnpAOfks,Doximity
"Kyle Roderick, MBA",SVP | Head of Medical Affairs | Digital Marketing | Advertising | Sales | Strategist | Manager | Public Speaking | Consultant | Marketer | Oncology | Biotech | Pharmaceutical,https://www.linkedin.com/in/kyleroderick?miniProfileUrn=urn%3Ali%3Afs_miniProfile%3AACoAAAD3hoUBkR9e-Fy3jpY9KFkzWhyhaLW1Dx8,Doximity
"Minyi Hu, Ph.D.",Global & US Medical Affairs | Scientific Communications | Medical Education and Training | Content Development and Medical Writing | MSL Materials | Publications,https://www.linkedin.com/in/minyihu?miniProfileUrn=urn%3Ali%3Afs_miniProfile%3AACoAAANGOZ0BmGa-QuMfrpE2i9wD-c6OnR3szC8,Eisai
Kristen Cardinal,"Associate Director - Medical Affairs, Diagnostics and Therapeutics",https://www.linkedin.com/in/kcardinal?miniProfileUrn=urn%3Ali%3Afs_miniProfile%3AACoAAADTKycBrgbQm5YI33AFZYin64pVOZJpPKo,Eisai
Tejal S.,"Associate Director, Global Medical Affairs Training & Education",https://www.linkedin.com/in/tejalshah1123?miniProfileUrn=urn%3Ali%3Afs_miniProfile%3AACoAAA2k38sBbJll7whDVncpyIlhR4EOxk_vTgY,Eisai
Stacey H.,Senior Medical Science Liaison,https://www.linkedin.com/in/stacey-h-75233ba?miniProfileUrn=urn%3Ali%3Afs_miniProfile%3AACoAAAHURW4BC9a-S9MkuoTFn3ywv2nkcR1OU5o,Eisai
"Tina Rezakhani, PharmD, MBA",Medical Affairs Senior Leader,https://www.linkedin.com/in/tinarezakhani?miniProfileUrn=urn%3Ali%3Afs_miniProfile%3AACoAAAXmNlkBKZ454RcLMRTwNKaoMEp4s7uvGV8,Endo
"Gregory Kaufman, MD",Chief Medical Officer | SVP Global Medical & Clinical Affairs | Pharmacovigilance,https://www.linkedin.com/in/gregorykaufmanmd?miniProfileUrn=urn%3Ali%3Afs_miniProfile%3AACoAAALF4L4BV13BkIlmwbINl6LLXKpkLQNbdX4,Endo
Nigel Jones,"Vice President, Head Global Development | Executive Leadership | Clinical Development | Non-clinical Development | Strategy and Execution | Business Development, Licensing and Alliance Partnerships |",https://www.linkedin.com/in/nigel-jones-86b72013?miniProfileUrn=urn%3Ali%3Afs_miniProfile%3AACoAAALGqtMBBN1pqNFjiNl8JHiU2Bc66D_CqVg,Endo
Anastasia T.,Director of People Operations & Culture leading innovative HR strategies,https://www.linkedin.com/in/anastasia-tzortzi?miniProfileUrn=urn%3Ali%3Afs_miniProfile%3AACoAABaaOBsBdwzvwDfblZfE2gmImEMpZXkNBWM,Epikast
Tina Clark Beamon,Pharmaceutical Executive/ Chief Legal Officer/ Chief Compliance Officer/ Advisory Board Member,https://www.linkedin.com/in/tina-clark-beamon?miniProfileUrn=urn%3Ali%3Afs_miniProfile%3AACoAAAIzaL0BwmKsG86SoGBTtcppRWAlF7iDtC4,Epikast
"Tara Goodman, M.P.H.","Passionate Commercial Business Leader: Transforming with Tenacity, Data, and Innovation",https://www.linkedin.com/in/tara-goodman-m-p-h-8b12864?miniProfileUrn=urn%3Ali%3Afs_miniProfile%3AACoAAADAjYUBPmMkaSYbYuwgdBYLlY5ugZ1OP0U,Epikast
Vangelis Vergetis,"CEO, Epikast | Driven by the intersection of healthcare, data science, and technology",https://www.linkedin.com/in/vangelisvergetis?miniProfileUrn=urn%3Ali%3Afs_miniProfile%3AACoAAABYPnsB-XaS7iXJts-E5WWznd8X6jq_Y4M,Epikast
Lynn Kasper,"Commercial Executive, Strategic Partnerships | Life Sciences Leadership | SaaS| generative AI| Digital Health| RWE| Medical |Clinical| Team Building | GTM Start-up Expertise",https://www.linkedin.com/in/lynn-kasper-136b389?miniProfileUrn=urn%3Ali%3Afs_miniProfile%3AACoAAAHE_boBFmRYc6-EEFhX2dmUWe-5C4wA3QA,Epikast
"Dr. Varun Pandey, PhD",Publications | Medical Communications | Medical Affairs I Medical Information,https://www.linkedin.com/in/dr-varun-pandey-phd-b36b0946?miniProfileUrn=urn%3Ali%3Afs_miniProfile%3AACoAAAnGZxoBAlBXkA3S1sbgOXTRoos1zC7kxGA,EVERSANA
Filomena Balady,Executive Assistant | Trusted Buisness Partner,https://www.linkedin.com/in/minapadalino?miniProfileUrn=urn%3Ali%3Afs_miniProfile%3AACoAAAqCQJkBUk4EAMr7qYPFjZKy0ZLx8hRBv4Y,Genmab
"Noelle Fathalla, PharmD",Multidisciplinary Post-Doctoral Fellow,https://www.linkedin.com/in/noelle-fathalla?miniProfileUrn=urn%3Ali%3Afs_miniProfile%3AACoAADK7QbYB4yOI83ALS3thCBqOIk-gPMKr8Rs,Genmab
"Angela Blackmon MSPM, PMP","Project Coordinator, Glaxo SmithKline Data Generation & Scientific Communications",https://www.linkedin.com/in/angela-blackmon-mspm-pmp-9974ba182?miniProfileUrn=urn%3Ali%3Afs_miniProfile%3AACoAACslFAMBDNJAW-qa-plQ7pEpcc1WgN0D8ew,GSK
Dakota Cifrodelli,Software Engineer At HealthVerity,https://www.linkedin.com/in/dakotacifrodelli?miniProfileUrn=urn%3Ali%3Afs_miniProfile%3AACoAABrPJ0QB4uFgNxS6I2TEyHO-epbQ3UIweG0,HealthVerity
Jeff Zurbrick,Manager Financial Planning and Analysis,https://www.linkedin.com/in/jeffzurbrick?miniProfileUrn=urn%3Ali%3Afs_miniProfile%3AACoAABwK8JMBxjuEBrheP7yf9pjvm0Os9rbw5hA,HealthVerity
"Keka Shipman, MA, PMP","Strategic Leader | Patient Engagement, Pharmaceuticals",https://www.linkedin.com/in/keka-shipman?miniProfileUrn=urn%3Ali%3Afs_miniProfile%3AACoAAASjTI0BK3p7t7vt54ZyFx8oOWHd0Ugx-8U,Immunovant
Matthew Pompile,Senior Clinical Project Manager,https://www.linkedin.com/in/matthew-pompile-00a8596?miniProfileUrn=urn%3Ali%3Afs_miniProfile%3AACoAAAExkcoBzJdATo0LRlXu2KiNyzd1nT7bdSY,Immunovant
Nora Kochupurakkal,Analytical Development - Process Team Lead - Bioassay Expert,https://www.linkedin.com/in/noracmk?miniProfileUrn=urn%3Ali%3Afs_miniProfile%3AACoAAACMrgABLdALpUuH2qpzZ9tQc0eYYlAF2AI,Immunovant
"Lee Sample, MBA, RAC",Experienced Regulatory Affairs Professional,https://www.linkedin.com/in/leesample?miniProfileUrn=urn%3Ali%3Afs_miniProfile%3AACoAAADqKr8B-PLPUi1BvVfIyt_o2r2b-w7Qwyo,Immunovant
Jaye Bea Smalley,Head of Patient Advocacy,https://www.linkedin.com/in/jaye-bea-smalley-3a871b9?miniProfileUrn=urn%3Ali%3Afs_miniProfile%3AACoAAAG1QXABQNM29N3Ci9dhyerxDLi4W9KGDsg,Immunovant
"Emet Anceaume, PharmD","Director, Field Medical Affairs, Rare Diseases| Mentor| Kellogg Leader| Women's Advocate | Forté Foundation MBA Fellow 2024",https://www.linkedin.com/in/eanceaume?miniProfileUrn=urn%3Ali%3Afs_miniProfile%3AACoAABz--kIBiCs-0hCKcAbCtpRY06PVQJR-NPU,Immunovant
"Jayme Hentig, PhD, MBA, MPH(c)","Director, Clinical Scientist | Retired Veteran | Tillman Scholar",https://www.linkedin.com/in/hentig?miniProfileUrn=urn%3Ali%3Afs_miniProfile%3AACoAAA6LGucBbSp6GqEbYM9LaxPYs55XTlvKqb8,Immunovant
Lisa Moyer,"Clinical Research Scientist, Director | Autoimmune Disease, Vaccines, Clinical Pharmacology, Infectious Disease & Transplant, End to End Clinical Trial Experience",https://www.linkedin.com/in/lisa-l-moyer?miniProfileUrn=urn%3Ali%3Afs_miniProfile%3AACoAAEtJCkUBe_hJJtoQW7gjuMxhz-DVZkJr64A,Immunovant
Riley Cutler,Biomedical Designer & Illustrator,https://www.linkedin.com/in/riley-elisabeth-cutler?miniProfileUrn=urn%3Ali%3Afs_miniProfile%3AACoAADCChgAB29PVfapX2ItQHE7VEzXirKcO1Js,Infograph-ed
"Bhaval Shah Bell, PhD","President and Co-Founder, Infograph-ed",https://www.linkedin.com/in/bhaval?miniProfileUrn=urn%3Ali%3Afs_miniProfile%3AACoAAAEJzMgB-FKhwhNOj35NbghS_rFoFSerlG8,Infograph-ed
Diane Williams,Management丨Strategic Planning丨Biological Research丨Digital Transformation丨Technology,https://www.linkedin.com/in/diane-williams-574baa245?miniProfileUrn=urn%3Ali%3Afs_miniProfile%3AACoAADzeBKgBqAoQDC1sR8xBZPYUGQbCmzpyGkk,Ipsen
Rihad Sultan,Oncology,https://www.linkedin.com/in/rihad-sultan-80957697?miniProfileUrn=urn%3Ali%3Afs_miniProfile%3AACoAABSNEAkBOmHuyEm1E2S0kKjCaQsr54nnUbo,Ipsen
Andréia Andrade,Medical Affairs / Medical Manager / Medical Information / Medical Communications / Medical Content / Oncology / Hematology / Scientific engagement,https://www.linkedin.com/in/andr%C3%A9ia-andrade-257aa314?miniProfileUrn=urn%3Ali%3Afs_miniProfile%3AACoAAAMCN6MBAuzrXOEjnWBVYPMmTo0CEFFXNVk,Ipsen
"Bailey Peck, PhD",Director Medical Affairs - Rare Diseases,https://www.linkedin.com/in/baileypeck?miniProfileUrn=urn%3Ali%3Afs_miniProfile%3AACoAAAvIRAoB4R_1AAcBDHUcK6zdsCqKmY2AbNQ,Ipsen
Jean-Yves Loze,Medical Affairs Director,https://www.linkedin.com/in/jean-yves-loze-9a053b11?miniProfileUrn=urn%3Ali%3Afs_miniProfile%3AACoAAAJkjsgBIrAYp-h0QhJ1b4pQC6s4TbSS7C4,Ipsen
"George Xinarianos, MSc, PhD, ISMPP CMPP™","Freelance Publications Manager, Scientific Team Lead & Medical Writer",https://www.linkedin.com/in/george-xinarianos-msc-phd-ismpp-cmpp%E2%84%A2-95334029?miniProfileUrn=urn%3Ali%3Afs_miniProfile%3AACoAAAXsPU8BNn1sAJU7TePpqtH2nqmlBPthacw,Ipsen
Lisa Kepler,Communications Principal | Storyteller | Global Life Sciences,https://www.linkedin.com/in/lisa-kepler-2a1563193?miniProfileUrn=urn%3Ali%3Afs_miniProfile%3AACoAAC13Z9kBPWOaJSfRS0wTgB0b-2OWtXY2M2E,IQVIA
Naila Khan,Clinical Research Associate 1,https://www.linkedin.com/in/naila-khan-55432b229?miniProfileUrn=urn%3Ali%3Afs_miniProfile%3AACoAADkt41AB-n81mp0WhgfLrVxpX6c35uErmYk,IQVIA
Dr. Nida Shafique,Clinical Researcher | Pharmacovigilance Expert | Medical Affairs,https://www.linkedin.com/in/dr-nida-shafique-11ba7a30?miniProfileUrn=urn%3Ali%3Afs_miniProfile%3AACoAAAaQsycBDzFwl38h6GoIKl07_pfjUN6D8EM,IQVIA
"Mikaeel Valli, PhD",Medical Affairs Professional | Scientist | Medical Communications,https://www.linkedin.com/in/mikaeel-valli?miniProfileUrn=urn%3Ali%3Afs_miniProfile%3AACoAAA8_mLEBgkdoaRfAIUHT_ClymZTKj5EQGU8,IQVIA
"Dr Usman Ali Warraich (PhD , Post-Doc )",Research Consultant,https://www.linkedin.com/in/dr-usman-ali-warraich-phd-post-doc-91562328?miniProfileUrn=urn%3Ali%3Afs_miniProfile%3AACoAAAXJg2EB9YX9xsY9Lv8TvwdrSNi1JU2p7sQ,IQVIA
"Meaghan Paganelli, PhD",Associate Scientific Director | Neuroscience PhD,https://www.linkedin.com/in/meaghan-paganelli-phd-4417ab76?miniProfileUrn=urn%3Ali%3Afs_miniProfile%3AACoAABAiqrEBWUVriu-cjF-oMlgH63DbAICMr38,Lumanity
Peg Crowley-Nowick,"President, Medical Affairs Consulting Lumanity",https://www.linkedin.com/in/pegcrowley-nowick?miniProfileUrn=urn%3Ali%3Afs_miniProfile%3AACoAAAHG2ikBNKmftk6vqJNZg51rmmj_qRfsmZ8,Lumanity
Nicholas Sen,"SVP, Medical Strategy and Communications",https://www.linkedin.com/in/nicholassen?miniProfileUrn=urn%3Ali%3Afs_miniProfile%3AACoAAAbPPdQBBiDBdQvOMHcovuaOHTgVZjbuYSI,Lumanity
"Christopher Crotty, PhD",Medical Writer / Editor / Researcher | HEOR/MA | Publications | Systematic and Targeted Literature Review | Project Management | Digital Health/Decision Support,https://www.linkedin.com/in/christophercrotty?miniProfileUrn=urn%3Ali%3Afs_miniProfile%3AACoAAAXJ4_gB5IBPWjeqY3Tz-n6e_Viq6iNp6fI,Lumanity
Jessica Marlow,Associate General Counsel,https://www.linkedin.com/in/jessica-marlow-04aa64112?miniProfileUrn=urn%3Ali%3Afs_miniProfile%3AACoAABxG2ToBeh7ZLukhxZQ7bJB6OuBPQY_o6BI,Mallinckrodt
Jayesh Patel,Senior Software Engineer | Industrial Applied Maths,https://www.linkedin.com/in/jayp18?miniProfileUrn=urn%3Ali%3Afs_miniProfile%3AACoAAABNhXcBzaoUHE0zwexff0Ve0ECBgaNp6Uw,Mallinckrodt
Daniel Karlsson,"Director, Field Medical Excellence",https://www.linkedin.com/in/daniel-karlsson-26623b2?miniProfileUrn=urn%3Ali%3Afs_miniProfile%3AACoAAABj9q4BvKEqscF1j9OTPXrRI6fvoNBDlGY,Mallinckrodt
Brant Jarrett,"Executive Director, Head of Field Medical Affairs",https://www.linkedin.com/in/brant-jarrett-636a1435?miniProfileUrn=urn%3Ali%3Afs_miniProfile%3AACoAAAdyd4oBy3pg3NqzKBQ0oiP-uD_5F8uOIJI,Mallinckrodt
Dana Saporito,Senior Director Medical Affairs INOmax | Critical Care Leader,https://www.linkedin.com/in/dana-saporito-811b635a?miniProfileUrn=urn%3Ali%3Afs_miniProfile%3AACoAAAyhIs0B6mScnHCFei9uk0Lygj2gDuXnOXg,Mallinckrodt
"Cynthia ""CC"" L.",Principal Medical Affairs Specialist,https://www.linkedin.com/in/chirogirl22?miniProfileUrn=urn%3Ali%3Afs_miniProfile%3AACoAAABE6DoBjgScQY60MZFfxbk8WKEDjtlgpDk,Medtronic
"Eyrin Pena, MD","Director Medical Affairs, Hematology",https://www.linkedin.com/in/eyrin-pena-md-0739b057?miniProfileUrn=urn%3Ali%3Afs_miniProfile%3AACoAAAwSV1cBgKxouQgLowm55IcGn3vG40flWgk,MERCK
"Kathleen Grobben, PhD","Senior Director, Head of Global Scientific Communications",https://www.linkedin.com/in/kathleen-grobben-phd-913252a?miniProfileUrn=urn%3Ali%3Afs_miniProfile%3AACoAAAHQ358BT4Evp5-qqiT2vtOdLx2v4G8OvfE,Novartis
Abdaal Mohiuddin,"Medical Advisor, Innovative Medicines- Oncology",https://www.linkedin.com/in/abdaal-mohiuddin-860a42178?miniProfileUrn=urn%3Ali%3Afs_miniProfile%3AACoAACooDkgBSKQaTQhXIaJkES4EiJ9noTitEAM,Novartis
Vanessa Maia de Almeida Barros,"Medical Affairs Lead | M.Sc, MBA, RN",https://www.linkedin.com/in/vanessamaiabarros?miniProfileUrn=urn%3Ali%3Afs_miniProfile%3AACoAAAvs5sQBXPoaPwoP8x56E35RPBlb6-eIriY,Novartis
Eva Bastida,"Publications, Scientific, Medical Regulatory Writing, Clinical Development",https://www.linkedin.com/in/eva-bastida?miniProfileUrn=urn%3Ali%3Afs_miniProfile%3AACoAACyur7EBN1THJt8qaShQBM4Rf_cynuqKUfY,Novartis
David Wolff,Global Medical Publications Lead Novartis Gene Therapies,https://www.linkedin.com/in/david-wolff-6807915?miniProfileUrn=urn%3Ali%3Afs_miniProfile%3AACoAAAEBR4ABabCJldSTpKOlQNqaJDbGBsbCGuw,Novartis
Arjen PP van Willigenburg,Managing Director,https://www.linkedin.com/in/arjenvanwilligenburg?miniProfileUrn=urn%3Ali%3Afs_miniProfile%3AACoAAAEMQzoBxmCsuLHtCH-Es095B-r_9I0egRU,Organon
Courtney Mallon,Commercial and R&D Communications,https://www.linkedin.com/in/courtney-mallon-b746092?miniProfileUrn=urn%3Ali%3Afs_miniProfile%3AACoAAAByK0gBlG_N2pV-BP0RxYueaUMvEbEPAmU,Organon
Laura Alejandra Avila Carmona,Communications Manager | Public Relations | Corporate communication | Event planner | Consulting in Public Image,https://www.linkedin.com/in/laura-alejandra-avila-carmona?miniProfileUrn=urn%3Ali%3Afs_miniProfile%3AACoAAAhUHBMBGeAuXrcbby_rTNvkjMt4MHddE6Q,Organon
Lidiia Gonchar-Cherdakli,"PhD, MD, Medical Affairs Professional",https://www.linkedin.com/in/lidiia-gonchar-cherdakli-918879a8?miniProfileUrn=urn%3Ali%3Afs_miniProfile%3AACoAABbo2OQBnafMGUGYuaZ1Ry5r_HjKg9HpJwU,Parexel
"Evelyn Ferreira, MSc",iCRA,https://www.linkedin.com/in/evelyn-ferreira-msc-50462a199?miniProfileUrn=urn%3Ali%3Afs_miniProfile%3AACoAAC6LgFQBpn6R4Kmb2192qX59ss5Vekk7LCo,Parexel
"Serena Woodward Van Osta (she/her), MBA, BCMAS",Medical Communications | Publications Professional,https://www.linkedin.com/in/serena-woodward-van-osta-she-her-mba-bcmas-30618720?miniProfileUrn=urn%3Ali%3Afs_miniProfile%3AACoAAARMBPYBLmxvBQxdXUkc7I52XVpBM11giSc,Parexel
"Div Khetia, PharmD, MBA","Vice President, Global Medical Affairs | Executive Leadership | Digital Transformation | Scientific Communications | Business Development",https://www.linkedin.com/in/divyeshkhetia?miniProfileUrn=urn%3Ali%3Afs_miniProfile%3AACoAAAJjlpsB44z3oKIp8WAhoGsCGyVAU5P1ySE,Pfizer
Steve Klink,"Vice President, Head of Medical and Scientific Communications and Industry Relations",https://www.linkedin.com/in/steve-klink-4628384?miniProfileUrn=urn%3Ali%3Afs_miniProfile%3AACoAAADVy4oBCSyxTUA0vIOSwnIBeRV_eldN5Bk,Philips
Rich Bosshardt,Technical Writer and Editor | Safety Content Creator | Process Optimizer | Project Manager | Cross-Functional Collaborator | Proofreader | Mentor,https://www.linkedin.com/in/richbosshardt?miniProfileUrn=urn%3Ali%3Afs_miniProfile%3AACoAAFY3XS0BNhfKYAtrH5v-5zkniJymBM6UxDE,Philips
Rajat Kumar,4.5+ years in R&D | 250+ Google Scholar citations | 9 publications | NLP | GenAI | LLM | RAG | Vector DB | ML | AWS | Data Scientist | Ex-TCS Research | M.Tech in Machine Intelligence | Reach out for referrals,https://www.linkedin.com/in/rajat-kumar-543b8a12b?miniProfileUrn=urn%3Ali%3Afs_miniProfile%3AACoAACAIQoMBPoWK8oGax95JXcim-YvsqIFXsqQ,Philips
James Kang,"Marketing, Engagement Strategy Lead | MBA",https://www.linkedin.com/in/jshkang?miniProfileUrn=urn%3Ali%3Afs_miniProfile%3AACoAAAa33JUBX0-ogcqQ9SZOU4RvHIZMMH4GLsg,Philips
"Abishamala Kingsly, PhD",Precision Medicine - Health AI | Clinical Regulatory | Epidemiologist and Bioengineer,https://www.linkedin.com/in/abishamala-kingsly-phd-9136592b?miniProfileUrn=urn%3Ali%3Afs_miniProfile%3AACoAAAZTTt8BV0tSHElHWbN420GEqjJZ3Q48eSw,Philips
Mary Morgan,"Executive Director of Communications, Clinical Research, Thermo Fisher Scientific",https://www.linkedin.com/in/mary-morgan-53b20631?miniProfileUrn=urn%3Ali%3Afs_miniProfile%3AACoAAAadk38BGZsxWIXvD_EA6so4txYA31lU7qE,PPD
Chamadine Hamilton,Sr. Regulatory Affairs Specialist| Regulatory Medical Writer | Clinical Laboratory Scientist,https://www.linkedin.com/in/chamadine-hamilton-0740b9199?miniProfileUrn=urn%3Ali%3Afs_miniProfile%3AACoAAC53iBgB7btrLpd-Ls_9ZjUX6QnhKUvyOGk,PPD
Gregory O.,Vice President Medical Education,https://www.linkedin.com/in/gregory-o-263b024?miniProfileUrn=urn%3Ali%3Afs_miniProfile%3AACoAAADgEusBefKT2rt1ziBULBUO1y98YbMx57c,Publicis
Helen M.,Pharmaceutical Marketing & Advertising Executive | Global and US Launch | DTC and HCP | Consultant,https://www.linkedin.com/in/helenmcginnis?miniProfileUrn=urn%3Ali%3Afs_miniProfile%3AACoAAABm26UBxiskGz8d6YE5Ur75MMy3YfnIsSc,Publicis
"Ameel B. Faisal - ACA, ACCA",Assistant Manager,https://www.linkedin.com/in/ameelbinfaisal?miniProfileUrn=urn%3Ali%3Afs_miniProfile%3AACoAAB0uSdsBh7oSGbDrgsDTYJjaf9FeJEQeubk,PwC
Eeman Zahra,Advisory Associate,https://www.linkedin.com/in/eeman-zahra-51bb431ba?miniProfileUrn=urn%3Ali%3Afs_miniProfile%3AACoAADMR_ycBsqFctAApYPe3hNYLoAOQZdENPSE,PwC
Ayan Abdulrehman,Chartered Accountant | Assurance | PwC,https://www.linkedin.com/in/ayan-abdulrehman-4674681ba?miniProfileUrn=urn%3Ali%3Afs_miniProfile%3AACoAADL4Lo8BakSRlYM9-9uDmIlhp5KzDT6NweE,PwC
Ajai Kumar S,International Communications Consultant I Social and Behaviour Change I Risk Communications I Community Engagement I Communications Research I Advocacy I Systems Strengthening I Social Branding,https://www.linkedin.com/in/ajai-kumar-s-75368151?miniProfileUrn=urn%3Ali%3Afs_miniProfile%3AACoAAAr0qu8BEQRlCxjSoU9Su_SEEeKEp1PjBOI,PwC
Muhammad Shoaibullah,Business and Risk Consultant,https://www.linkedin.com/in/muhammad-shoaibullah?miniProfileUrn=urn%3Ali%3Afs_miniProfile%3AACoAADNkSF0BbTVQYI2ij0BeIS339dMxnoEXZ24,PwC
Abigail Nelson,Student,https://www.linkedin.com/in/abigail-nelson-7b2411222?miniProfileUrn=urn%3Ali%3Afs_miniProfile%3AACoAADfyLDYBZUJo1Sokx9M8MwkIL7TiIu6pofY,PwC
Xisca Sbert,"Facilitadora de equipos y coach | Business Coaching, Executive Coaching,",https://www.linkedin.com/in/xiscasbert?miniProfileUrn=urn%3Ali%3Afs_miniProfile%3AACoAAAa29z0Bntpse0y95Yyw0qvf9CVhr36CcsU,Qinexa
Alex Webb,"Organisational Health, Team Performance, Leadership Consultant & Resilient Women Leaders. Working with HR Managers, L&D Leads & CEOs. International Bestselling Author.",https://www.linkedin.com/in/alex-webb1?miniProfileUrn=urn%3Ali%3Afs_miniProfile%3AACoAAABjfeEB5KiGEh76M819MG2a5BJpqdmhGzg,Qinexa
Kathleen Fallon,Vice President Marketing,https://www.linkedin.com/in/kathyfallon?miniProfileUrn=urn%3Ali%3Afs_miniProfile%3AACoAAAQHomsBo--wWfkur8YopO64jlrEaQbPJJA,Reverba
Guillermo Hernández González,Group Director,https://www.linkedin.com/in/guillermo-hern%C3%A1ndez-gonz%C3%A1lez-46467020a?miniProfileUrn=urn%3Ali%3Afs_miniProfile%3AACoAADUioYwBnUz8NE8viBh-ttdRVsBaFb7CJXk,Reverba
M. Colleen O'Neill,"Senior VP, Medical & Scientific Consulting",https://www.linkedin.com/in/m-colleen-o-neill-abb35a2?miniProfileUrn=urn%3Ali%3Afs_miniProfile%3AACoAAABoYq8B5SW07_JaEBVrUtdtmBOx8AKDkQQ,Reverba
Barry Oates,Pharmaceuticals Executive | Making Clinical Trials More Accessible,https://www.linkedin.com/in/barry-oates?miniProfileUrn=urn%3Ali%3Afs_miniProfile%3AACoAAAEUHBoBvCncHZBinftb1bdDorUgt8ChyIM,Reverba
Jeffrey Lane,BioPharma Supply Chain & Technical Operations Executive | Translating Commercial Priorities into Manufacturing & Supply Strategies that Maximize Patient Access to Therapy,https://www.linkedin.com/in/jeffreyclane?miniProfileUrn=urn%3Ali%3Afs_miniProfile%3AACoAAAGpL6kBDohn1WhDAgGmrldByid-qdftXg8,Rezolute
Ashley Boelens,Health and Biotech Communications Leader,https://www.linkedin.com/in/ashleyboelens?miniProfileUrn=urn%3Ali%3Afs_miniProfile%3AACoAAANPl4wBXXl0a20DoGVP6hb5Hrn0LaHlPMA,Rezolute
Steve Aeby,Sr. Staffing Consultant : Pharmaceutical – Biotechnology – Medical Device – Genomic Diagnostic - Telemedicine - Digital Health industries,https://www.linkedin.com/in/steveaeby?miniProfileUrn=urn%3Ali%3Afs_miniProfile%3AACoAAABoZvQB2uo5psQCBH5lzCQwHEFXquYQ-Yc,Rezolute
"Nerissa Kreher, MD, MBA",Biotech Executive; Chief Medical Officer; Independent Director,https://www.linkedin.com/in/nerissa-kreher-md-mba-1387465?miniProfileUrn=urn%3Ali%3Afs_miniProfile%3AACoAAAD_0TwBrYSCWMT2tnij1zDFhuFjqcV8oiI,Rezolute
María Alonso-Tejón,Business Administration and Bioentrepreneurship | Biotechnology | Supply Planning student assistant,https://www.linkedin.com/in/mariatejon?miniProfileUrn=urn%3Ali%3Afs_miniProfile%3AACoAAESbLN0B_uNl-Ri-q-eO8SBljFy8jDDLngs,Sandoz
Rene Besido,Senior Marketing Manager | Pharma & Healthcare | Brand Growth & Market Expansion,https://www.linkedin.com/in/renebesido?miniProfileUrn=urn%3Ali%3Afs_miniProfile%3AACoAABZZubMBdks-iNFPXJ_3EizYhGcSq_ZpZVU,Sandoz
Enrique Sastré,"Operational Excellence Expert, Sandoz | PhD, Medical University of Innsbruck",https://www.linkedin.com/in/enrique-sastr%C3%A9-473486139?miniProfileUrn=urn%3Ali%3Afs_miniProfile%3AACoAACG1MxcBf3wnt4NmAC2TrG2cgP0XRnr7E7s,Sandoz
Muhammad Irfan,Senior Manager Production,https://www.linkedin.com/in/muhammad-irfan-901549123?miniProfileUrn=urn%3Ali%3Afs_miniProfile%3AACoAAB6DsdEBMguLVGZG5dTdhgLtUrz5IQ-tjXo,Sanofi
"Yaswant Dayaram, PhD, CMPP","Global Head, Scientific Communications",https://www.linkedin.com/in/yaswantdayaram?miniProfileUrn=urn%3Ali%3Afs_miniProfile%3AACoAAEOouYgBVx6QXjMh8b1DtwAEMjIpzLFfBao,Sanofi
"Daniel Do, Pharm.D",Global Scientific/Medical Communications: Oncology Fellow,https://www.linkedin.com/in/daniel-do-pharm-d?miniProfileUrn=urn%3Ali%3Afs_miniProfile%3AACoAAC5pv-kB6H0-EBRako0REHsaEozzLzQZUi8,Sanofi
"Nida Nur Mart, MPharm",Medical Affairs,https://www.linkedin.com/in/nidanurmrt?miniProfileUrn=urn%3Ali%3Afs_miniProfile%3AACoAAEFStOoBVeCTL9LoTFjrd1SS3fuihQdOvsA,Sanofi
Matteo Filippini,CSE Dupixent Medical Affairs Specialist,https://www.linkedin.com/in/matteo-filippini-researcher37?miniProfileUrn=urn%3Ali%3Afs_miniProfile%3AACoAADVEQ4kBzKcS5gvdwowJNJqM4g5IHHhTQu4,Sanofi
Dr. Akhilesh Vikram Singh P.,Expert Scientific Writer,https://www.linkedin.com/in/dr-akhilesh-vikram-singh-p-20b6289?miniProfileUrn=urn%3Ali%3Afs_miniProfile%3AACoAAAGxsSsBErlImAD12dSfhrcC1BtLqDepCJQ,Sanofi
Emily Baldwin,"Director of Global Public Relations, SEI",https://www.linkedin.com/in/emilycbaldwin?miniProfileUrn=urn%3Ali%3Afs_miniProfile%3AACoAABHTuhQBRLQt24YZFqe_iXAdEakTde_j1lY,SEI
Lawrence Beck,MSL Recruitment Expert | Resume Reviewer | Connection Maker | Interview Strategist,https://www.linkedin.com/in/lawrence-beck-98010720?miniProfileUrn=urn%3Ali%3Afs_miniProfile%3AACoAAARJgLABz_uDc_Ql-HQsys3Q2opIJYjx57w,SEMbio
Mary Morton,Expert Medical Affairs Recruiter | Nationally Recognized Search Professional | Strategic Leadership Consultant | Trainer and Subject Matter Expert | Formula 1 Enthusiast,https://www.linkedin.com/in/mslrecruiter?miniProfileUrn=urn%3Ali%3Afs_miniProfile%3AACoAAAAyLe4Bp8g7FXnho1d83GzyouiLA28Rquk,SEMbio
"Linda Eskew, CPC",Manager of Scientific Content and Engagement Strategy | Scientific Trainer | Content Creator | Medical Affairs Career Consultant,https://www.linkedin.com/in/lindaeskew?miniProfileUrn=urn%3Ali%3Afs_miniProfile%3AACoAAA1sROEBebndZC40likgf3H3dKFlkw0fzKk,SEMbio
"Corielle Lattanzi, CPC",Senior Medical Affairs Recruiter,https://www.linkedin.com/in/corielle-lattanzi-cpc-7a101240?miniProfileUrn=urn%3Ali%3Afs_miniProfile%3AACoAAAiLYukBwKetAi7WVikHSTJSlbTdnnSUCxQ,SEMbio
Salman Qayyum,Marketing Strategist for the Pharmaceutical Industry Assistant Product Manager,https://www.linkedin.com/in/salman-qayyum-8a0940106?miniProfileUrn=urn%3Ali%3Afs_miniProfile%3AACoAABrV1PgBoF1wYh-csZFIfRCa836T1xmk8Ds,Servier
"Sherri Smith, PhD, CMPP",Global Oncology Publications Lead,https://www.linkedin.com/in/sherrismith36?miniProfileUrn=urn%3Ali%3Afs_miniProfile%3AACoAAAItivsBlfN6_i_KQOc4P8OsjC39L_5Cyns,Servier
Ardita Leskovica,Account Manager,https://www.linkedin.com/in/ardita-leskovica-a813b4354?miniProfileUrn=urn%3Ali%3Afs_miniProfile%3AACoAAFhWAAEBJKUtHg4IvUiX6u1ay5_dsuptkdY,Slice
Zach Links,Senior Copywriter,https://www.linkedin.com/in/zachlinks?miniProfileUrn=urn%3Ali%3Afs_miniProfile%3AACoAAAjRceoBasqh9DaqktjCMW4f1ndfwbayRL8,Slice
Kirsten Erwin,Art Director | Designer | Design Manager,https://www.linkedin.com/in/kirstenerwin?miniProfileUrn=urn%3Ali%3Afs_miniProfile%3AACoAAAictEIBeft0734O77VwASQfbMDLV7o09JI,Slice
David Rudman,Senior Product Manager,https://www.linkedin.com/in/davidjrudman?miniProfileUrn=urn%3Ali%3Afs_miniProfile%3AACoAAA_MATYBRpCAIEWk_Zckrg5Yg7kTLKmxh8w,Sorcero
Jeff Tompkins,Director of Marketing,https://www.linkedin.com/in/jstompkins?miniProfileUrn=urn%3Ali%3Afs_miniProfile%3AACoAAABlL1ABz49-lU8t5uvzeyK3hvcLwdSMdWU,Sorcero
Dipanwita Das,CEO & Co-founder,https://www.linkedin.com/in/dipanwitadas?miniProfileUrn=urn%3Ali%3Afs_miniProfile%3AACoAAADTTA4BQWQY6pAbULsWa2bdblM5I084l0w,Sorcero
Amaljith Kuttamath,"AI | Agentic RAG, Deep Research",https://www.linkedin.com/in/amaljithk?miniProfileUrn=urn%3Ali%3Afs_miniProfile%3AACoAAA2BctIB43NtTsRJMzK8Nx3yQxhQXOcEBBA,Sorcero
Paul Holgerson,Sales Director,https://www.linkedin.com/in/paulholgerson?miniProfileUrn=urn%3Ali%3Afs_miniProfile%3AACoAAAFKJ6IBAt0ESaFVzJpP8ji6AuZ5Qi9kLCQ,Sorcero
Gerald Vincent Matthews,Senior Solutions Engineer,https://www.linkedin.com/in/geraldvincentmatthews?miniProfileUrn=urn%3Ali%3Afs_miniProfile%3AACoAAABqiioBA1IWah7uLzZaPj0Y9flAfrLnIME,Sorcero
Ross Hollingsworth,"Transforming Life Sciences with Sorcero's Intelligence platform - unify, analyze, and take action on all data.",https://www.linkedin.com/in/ross-hollingsworth-20372491?miniProfileUrn=urn%3Ali%3Afs_miniProfile%3AACoAABOBoiMBcXQsnOAP41TANevnI_TuYJWeVQs,Sorcero
Rohit Sood,Chief Revenue Officer,https://www.linkedin.com/in/rsood?miniProfileUrn=urn%3Ali%3Afs_miniProfile%3AACoAAAAr754BOw1tR2qlgXdNXFhbz42fYNah4rs,Sorcero
Seth Tyree,Vice President - Customer Success,https://www.linkedin.com/in/seth-tyree-61574621?miniProfileUrn=urn%3Ali%3Afs_miniProfile%3AACoAAASPE_EBOsQ-I5ZR15oSYujH4D9SMXklt5M,Sorcero
M. Katie S.,Scientific Communications | PhD in Neuroscience,https://www.linkedin.com/in/m-katie-s-b4967751?miniProfileUrn=urn%3Ali%3Afs_miniProfile%3AACoAAAr0hKkBuK9OFjIatRlFdLc9qF4QXvCgACA,Symbiotix
"Nohely Velis, PhD",Medical Communications Professional,https://www.linkedin.com/in/nohelyvelis?miniProfileUrn=urn%3Ali%3Afs_miniProfile%3AACoAABU9zWEBdjOzNOXiIRgWqk_x7gKXyVqZGRQ,Symbiotix
"John Aaron Jones, PharmD, RPh","Associate Medical Director, Symbiotix",https://www.linkedin.com/in/johnaaronjones?miniProfileUrn=urn%3Ali%3Afs_miniProfile%3AACoAABVvge8Bat0JJCyN4fzOP14BXO4wrInTTCc,Symbiotix
Melissa Rondeau,"Sr EVP, Head of Medical Affairs",https://www.linkedin.com/in/melissa-rondeau-836b72a?miniProfileUrn=urn%3Ali%3Afs_miniProfile%3AACoAAAHzrSoBS_G6ddc416O1wwHEgrT3o1gMrAY,Symbiotix
"Rosemarie D'Angelo, PhD",Director or Associate Scientific Director | Content Development and Strategic Planning | Hematology/Oncology Therapeutic Landscapes | Medical/Commercial Training | Med Comms Professional Available for Opportunities,https://www.linkedin.com/in/rosemariedangelo?miniProfileUrn=urn%3Ali%3Afs_miniProfile%3AACoAAAQkV84B8ZawS0vXXAqNha3fGosf2uven2I,Symbiotix
Shanynn Karkowsky,"Communications Professional, Client Engagement, Talent Leader, Strategist, Relationship Builder",https://www.linkedin.com/in/shanynn-karkowsky?miniProfileUrn=urn%3Ali%3Afs_miniProfile%3AACoAAAG8YbgB5PWw2okI4AYeLVzvxp5TYJviOgo,Symbiotix
"Audrey Vandervelde, PhD",Medical and Scientific Communications Professional,https://www.linkedin.com/in/audrey-vandervelde-phd-67849528b?miniProfileUrn=urn%3Ali%3Afs_miniProfile%3AACoAAEZfXnwBN79IOSUh1eQvVovY1Fj3unuF59w,Takeda
Peter Shevlin,Postdoctoral Fellow in Global Scientific Communications Oncology,https://www.linkedin.com/in/peter-shevlin-681197153?miniProfileUrn=urn%3Ali%3Afs_miniProfile%3AACoAACTeSAEB0JehIgW9blNadtC-fTjybx3yHg4,Takeda
"Audrey Vandervelde, PhD",Medical and Scientific Communications Professional,https://www.linkedin.com/in/audrey-vandervelde-phd-67849528b?miniProfileUrn=urn%3Ali%3Afs_miniProfile%3AACoAAEZfXnwBN79IOSUh1eQvVovY1Fj3unuF59w,Takeda
Peter Shevlin,Postdoctoral Fellow in Global Scientific Communications Oncology,https://www.linkedin.com/in/peter-shevlin-681197153?miniProfileUrn=urn%3Ali%3Afs_miniProfile%3AACoAACTeSAEB0JehIgW9blNadtC-fTjybx3yHg4,Takeda
"Henry Suryawirawan","Host of Tech Lead Journal 🎙️ | LinkedIn Top Voice | Head of Engineering","https://www.linkedin.com/in/henry-suryawirawan?miniProfileUrn=urn%3Ali%3Afs_miniProfile%3AACoAAAOY0GcBCTQE6tTS_nSwLPlv84B2MGCxvoQ","Tech Lead"
"Shoaib Hussain Bhatti","Quality Assurance Manager | ISO 9001: 2015 (QMS) Certified | Lead Auditor | Lean Six Sigma Yellow, Green and Black Belt","https://www.linkedin.com/in/shoaib-hussain-bhatti-90356b6a?miniProfileUrn=urn%3Ali%3Afs_miniProfile%3AACoAAA6tUVMB6SZFfiEOMZpai9Wl997X7pzOeT8","Teva"
"M. Khan","Academic writer (Freelance)/Clinical Psychologist","https://www.linkedin.com/in/m-khan-17b2335b?miniProfileUrn=urn%3Ali%3Afs_miniProfile%3AACoAAAyrkC8B7z1S6b-uYoVBXTq8tTzKoSuezRM","The Chicago School"
"Robert Zhang","Student-Athlete","https://www.linkedin.com/in/robert-zhang-78a061264?miniProfileUrn=urn%3Ali%3Afs_miniProfile%3AACoAAEDKsRoBUlXSc8v3-oxFdjwPuMAtA1MlCms","The Riverside Company"
"Ramkumar Dorairaj","Data, Analytics & AI | Life Sciences","https://www.linkedin.com/in/ramkumardorairaj?miniProfileUrn=urn%3Ali%3Afs_miniProfile%3AACoAAAPDwp0BrWsaRlwZQcAerVkGM3zDkYtXokY","Theravance Biopharma US, Inc."
"Scotty Roberson","Finance | Accounting | Brand Management | Business Development Executive","https://www.linkedin.com/in/scotty-roberson?miniProfileUrn=urn%3Ali%3Afs_miniProfile%3AACoAAA91s5EBTrt0KRCyMluTebpHiCyMzoBBEmE","Travere"
"Aryan Nagpal","Senior","https://www.linkedin.com/in/aryan-nagpal?miniProfileUrn=urn%3Ali%3Afs_miniProfile%3AACoAADyyAtYBVHcwi3AoN4oVBJeCxta2G_VD72Y","Travere"
"Palak Gandhi","Senior","https://www.linkedin.com/in/palak-gandhii?miniProfileUrn=urn%3Ali%3Afs_miniProfile%3AACoAADKnGwYBQeY3A2ZxhpIBf9M_QAhrKYVNvts","Travere"
"Jalé G.","Executive Drug Developer, Rare Disease and Oncology","https://www.linkedin.com/in/jal%C3%A9-g-5b89649?miniProfileUrn=urn%3Ali%3Afs_miniProfile%3AACoAAAG-QFwBkBlocFhc_AUwhtO0wQqtY-QSF4U","Travere Therapeutics"
"Mark Fineman","Travere Therapeutics","https://www.linkedin.com/in/mark-fineman-349826b?miniProfileUrn=urn%3Ali%3Afs_miniProfile%3AACoAAAIUXGkBTK1cAXizrA7SkOMrOMAdf742F94","Travere Therapeutics"
"Julia Guy","Supply Chain/Logistics/Management","https://www.linkedin.com/in/julia-guy-36245415?miniProfileUrn=urn%3Ali%3Afs_miniProfile%3AACoAAAMXcfoBjT4nSVD7QN8Q8tydXY_EdDnd9pM","Travere Therapeutics"
"Dawn Taylor, SHRM-CP","Talent Acquisition Leader | Rare Disease Advocate | Passion for Building Inclusive Cultures | #InRareForLife","https://www.linkedin.com/in/dawna-r-taylor?miniProfileUrn=urn%3Ali%3Afs_miniProfile%3AACoAAACwofsBnOqRoIasTIT8-7A4mdnN5ngZ_UQ","Travere Therapeutics"
"Tim Warren","Always learning. Managing Partner","https://www.linkedin.com/in/warrentim?miniProfileUrn=urn%3Ali%3Afs_miniProfile%3AACoAAACTOTwBr9p5U20nB9ZamCqzmy7APXuyC6Q","Triducive"
"Aakansha Singh","Consultant | Business Consultant | Data analysis","https://www.linkedin.com/in/aakansha-singh-83057514b?miniProfileUrn=urn%3Ali%3Afs_miniProfile%3AACoAACQ2iWQB0XdeZU8LwpRVRJVNXAWzc-JX-Aw","Trinity Life Sciences"
"Vivek Solanki","Associate Consultant@ Trinity Life Sciences.","https://www.linkedin.com/in/vivek-solanki-75096618b?miniProfileUrn=urn%3Ali%3Afs_miniProfile%3AACoAACzQbqwB7MfC0z_SJmPj376NwJQjlWDR4QM","Trinity Life Sciences"
"Saumya Mehta","Senior Director, Business Development","https://www.linkedin.com/in/saumya-mehta-6a854244?miniProfileUrn=urn%3Ali%3Afs_miniProfile%3AACoAAAlVkWABc6-HLALPiSHGXqvDk-CTaLOGRdA","Tris Pharma"
"Ruth H.","Controller","https://www.linkedin.com/in/ruthhaim?miniProfileUrn=urn%3Ali%3Afs_miniProfile%3AACoAABTgAloBvXwEi9kZiRYJxkmURsApc3iC1Yo","Truveta"
"Michael Bernstein","Vice President Operations/Procurement - Uniphar Clinical","https://www.linkedin.com/in/michael-bernstein-88808012?miniProfileUrn=urn%3Ali%3Afs_miniProfile%3AACoAAAKAbOgBMs8kA1eRU2PGjMEkm4H9IeaNJG0","Uniphar Clinical"
"Robert Albanese","President","https://www.linkedin.com/in/albaneserobert?miniProfileUrn=urn%3Ali%3Afs_miniProfile%3AACoAAANp91wB7f76lFil7uPS3hDVzqYHSJ9KmWI","Uniphar Clinical"
"Stephen Purdy","Clinical Project Designer","https://www.linkedin.com/in/stephen-purdy-0390a317?miniProfileUrn=urn%3Ali%3Afs_miniProfile%3AACoAAANk7m0B5bmzRuzMMnvzxmCrOXzOasMo10Q","Uniphar Clinical"
"Jarid Schlenz","Senior Project Coordinator","https://www.linkedin.com/in/jarid-schlenz?miniProfileUrn=urn%3Ali%3Afs_miniProfile%3AACoAABfM0K4B_UbK_w-8EhKqreC5tlGwF9Z5s2Q","Vaniam Group"
"Delilah Allen","Director of Market Business Development | Business Development","https://www.linkedin.com/in/deborah-ajulo?miniProfileUrn=urn%3Ali%3Afs_miniProfile%3AACoAACuE2IAB40K-h0BqLiHYR49EZbhrEPdr6rw","Varian, a Siemens Healthineers Company"
"Sawaiz Ali","Data Specialist | Enhancing Data Accuracy and Governance | Project Manager","https://www.linkedin.com/in/sawaiz-ali?miniProfileUrn=urn%3Ali%3Afs_miniProfile%3AACoAADjj1mEBW8mXQuxJUaJN5KDASbPQrWF9Zyg","Veeva"
"Sadam Ul Haq","Results-Oriented IT Support & System Integration Specialist | Driving Efficiency, Innovation & Exceptional Customer Service","https://www.linkedin.com/in/sadamulhaq?miniProfileUrn=urn%3Ali%3Afs_miniProfile%3AACoAAEUv6moBwRtESkiZteLR_IdLiaInbAp0c5U","Veeva"
"Khurram Qureshi","Data Curator","https://www.linkedin.com/in/khurram-qureshi-06b811276?miniProfileUrn=urn%3Ali%3Afs_miniProfile%3AACoAAENlWBMBIStJOkTkyQz33WUn-kUzvHq-0ro","Veeva"
"Victor Utz","Experienced Sr. IT Project Manager | PMP®","https://www.linkedin.com/in/victor-utz?miniProfileUrn=urn%3Ali%3Afs_miniProfile%3AACoAAAEYRU4BKVNZGbwDnUGisQdKTt2_r8_Wiho","Veeva Business Consulting"
"Sierra S.","Web Content Developer","https://www.linkedin.com/in/sierrastafford?miniProfileUrn=urn%3Ali%3Afs_miniProfile%3AACoAAAXVaycB8vGo0I9PFDq-4T_VAKa3fIYSThw","Veeva Business Consulting"
"Sawaiz Ali","Data Specialist | Enhancing Data Accuracy and Governance | Project Manager","https://www.linkedin.com/in/sawaiz-ali?miniProfileUrn=urn%3Ali%3Afs_miniProfile%3AACoAADjj1mEBW8mXQuxJUaJN5KDASbPQrWF9Zyg","Veeva Systems"
"Sadam Ul Haq","Results-Oriented IT Support & System Integration Specialist | Driving Efficiency, Innovation & Exceptional Customer Service","https://www.linkedin.com/in/sadamulhaq?miniProfileUrn=urn%3Ali%3Afs_miniProfile%3AACoAAEUv6moBwRtESkiZteLR_IdLiaInbAp0c5U","Veeva Systems"
"Khurram Qureshi","Data Curator","https://www.linkedin.com/in/khurram-qureshi-06b811276?miniProfileUrn=urn%3Ali%3Afs_miniProfile%3AACoAAENlWBMBIStJOkTkyQz33WUn-kUzvHq-0ro","Veeva Systems"
"Santosh Reddy","Senior Data Engineer | Databricks | Delta Lake | Database Management | Architecture | dbt |AWS | Azure | GCP | Python","https://www.linkedin.com/in/santoshreddy-k?miniProfileUrn=urn%3Ali%3Afs_miniProfile%3AACoAACFXihMBDt6R6yNmdi-cZMUX1yrK2fk9eoE","Verana Health"
"Michael Russo","Growth Executive for Advertising, Medical Communications, and Digital Healthcare Agencies","https://www.linkedin.com/in/michael-russo-a8a9796?miniProfileUrn=urn%3Ali%3Afs_miniProfile%3AACoAAAE2BcoBQtclRvi73-uyOrMaOJS7r3B1_Js","Visual Science"
"Liza Rodriguez","Account Supervisor","https://www.linkedin.com/in/liza-rodriguez-45425853?miniProfileUrn=urn%3Ali%3Afs_miniProfile%3AACoAAAs_1YABIPLObtD3qTbw9p5hQc7LEmIVNqE","VML Health"
"Sanjana Thosar","PhD, Molecular Genetics and Developmental Biology","https://www.linkedin.com/in/sanjana-thosar?miniProfileUrn=urn%3Ali%3Afs_miniProfile%3AACoAABvhcMwB4b8f1m4mVuNQdZr6DBoNYoZ5MN4","Vor Bio"
"Prathima Guniganti","Healthcare Industry Management Consulting | Vynamic","https://www.linkedin.com/in/prathima-guniganti?miniProfileUrn=urn%3Ali%3Afs_miniProfile%3AACoAAAAfX9MBN8WQRl1OheeEiLRGbI3SWIlvnmQ","Vynamic"
"Vishal Gupta","Executive Director","https://www.linkedin.com/in/vishal-gupta-565b5422?miniProfileUrn=urn%3Ali%3Afs_miniProfile%3AACoAAATMFx0BRdixP18C2tvfMUa3GqBuy1xDuBw","Werfen"
"Aly Madjerich","Accomplished Senior Vice President of Global Marketing","https://www.linkedin.com/in/alymadjerich?miniProfileUrn=urn%3Ali%3Afs_miniProfile%3AACoAAA5O3CkBPup1NAQA7XPVAI_1FDuiOpXD10I","Within3"
"Alireza Tajadod","Senior software engineer","https://www.linkedin.com/in/alirezatajadod94?miniProfileUrn=urn%3Ali%3Afs_miniProfile%3AACoAABFH21YBHl1WLVcyLuRu7xJuOQCLQEsfEMs","Within3"
"Jahanzeb Ahmed","Scrum Master | Agile Project Manager | Agile Coach | Driving Project Success through Agile Methodologies.","https://www.linkedin.com/in/jahanzeb-ahmed-8a35a94b?miniProfileUrn=urn%3Ali%3Afs_miniProfile%3AACoAAAqWl7sB31cJcqLrvS3tVCzf8Rz5i4F3wek","Wolters Kluwer"
"Jayla Spicer","Event Management Professional","https://www.linkedin.com/in/jayla-spicer-a26794247?miniProfileUrn=urn%3Ali%3Afs_miniProfile%3AACoAAD0pfb4BWLTAec7-9dPUKCS5Mn-i8fQ2KV4","Woven Health Collective"
"Penny Smith","Healthcare Innovation & Strategy | 11TEN Innovation Partners","https://www.linkedin.com/in/penny-smith-05983410b?miniProfileUrn=urn%3Ali%3Afs_miniProfile%3AACoAABu1nkUBiW0lw2Aaa_6_7sWK0Fa7fCilAyk","Woven Health Collective"
"Sandra Zehentmeier","Research Scientist in Immunobiology","https://www.linkedin.com/in/sandra-zehentmeier-614875164?miniProfileUrn=urn%3Ali%3Afs_miniProfile%3AACoAACdIfDAB21uAblJEpcY_JfdunpiuMEynX_c","X4 Pharmaceuticals"
"Christopher Talutis","Data Driven Director of Marketing | New Product Planning | Commercialization Lead | Cross functional leadership, strategy and tactical execution to drive brand success","https://www.linkedin.com/in/christopher-talutis?miniProfileUrn=urn%3Ali%3Afs_miniProfile%3AACoAABIf4TsBwYLxVWDMJjjR5plwCNOdgSAL8ZA","X4 Pharmaceuticals"
"Chi Nguyen","Senior Principal Scientist, Research & Translational Science","https://www.linkedin.com/in/chi-nguyen-5280a975?miniProfileUrn=urn%3Ali%3Afs_miniProfile%3AACoAAA_aebABVPzqpXY7ONOt8MI7Kj6S5t-sHI8","X4 Pharmaceuticals"
"Steve Mussoline","Sr. Region Business Director, East","https://www.linkedin.com/in/steve-mussoline-a108906?miniProfileUrn=urn%3Ali%3Afs_miniProfile%3AACoAAAEynqwB8P5WBxi-JX9vXSMZRrUmXiUjBsI","X4 Pharmaceuticals"
"Usama Zahid - CHRP","Employee Benefits | Technical Recruiter | Head Hunter | Branding Enthusiast | Healthcare | OD | Performance Management | T&D","https://www.linkedin.com/in/usamazahidchaudhry?miniProfileUrn=urn%3Ali%3Afs_miniProfile%3AACoAABvMcDsBzfnoy9fkBeHnPHJal97zx4B7rKU","ZS Associates, Inc"
