{
	"info": {
		"_postman_id": "83951b21-589c-4e73-906f-b11edd29c6f1",
		"name": "LinkedIn Search Automation",
		"schema": "https://schema.getpostman.com/json/collection/v2.1.0/collection.json",
		"_exporter_id": "36549646"
	},
	"item": [
		{
			"name": "generate jokes",
			"item": [
				{
					"name": "generate jokes in groups topic based",
					"request": {
						"method": "POST",
						"header": [],
						"body": {
							"mode": "raw",
							"raw": "{\r\n    \"topic\":\"ArtificialIntelligenceGroups\"\r\n}",
							"options": {
								"raw": {
									"language": "json"
								}
							}
						},
						"url": {
							"raw": "http://localhost:3000/api/automation/Linkedindirect/generate-jokes-groups",
							"protocol": "http",
							"host": [
								"localhost"
							],
							"port": "3000",
							"path": [
								"api",
								"automation",
								"Linkedindirect",
								"generate-jokes-groups"
							]
						}
					},
					"response": []
				},
				{
					"name": "generate jokes in groups posts based",
					"request": {
						"method": "POST",
						"header": [],
						"body": {
							"mode": "raw",
							"raw": "{\r\n    \"query\":\"ArtificialIntelligenceGroups\"\r\n}",
							"options": {
								"raw": {
									"language": "json"
								}
							}
						},
						"url": {
							"raw": "http://localhost:3000/api/automation/Linkedindirect/generate-jokes-groups-postbased",
							"protocol": "http",
							"host": [
								"localhost"
							],
							"port": "3000",
							"path": [
								"api",
								"automation",
								"Linkedindirect",
								"generate-jokes-groups-postbased"
							]
						}
					},
					"response": []
				},
				{
					"name": "generatejokes for posts topic based",
					"request": {
						"method": "POST",
						"header": [],
						"body": {
							"mode": "raw",
							"raw": "{\r\n    \"topic\":\"jobs opening\"\r\n}",
							"options": {
								"raw": {
									"language": "json"
								}
							}
						},
						"url": {
							"raw": "http://localhost:3000/api/automation/Linkedindirect/generate-jokes-posts",
							"protocol": "http",
							"host": [
								"localhost"
							],
							"port": "3000",
							"path": [
								"api",
								"automation",
								"Linkedindirect",
								"generate-jokes-posts"
							]
						}
					},
					"response": []
				},
				{
					"name": "generatejokes for posts post based",
					"request": {
						"method": "POST",
						"header": [],
						"body": {
							"mode": "raw",
							"raw": "{\r\n    \"posts\":\"jobs opening\"\r\n}",
							"options": {
								"raw": {
									"language": "json"
								}
							}
						},
						"url": {
							"raw": "http://localhost:3000/api/automation/Linkedindirect/generate-jokes-posts-postsbased",
							"protocol": "http",
							"host": [
								"localhost"
							],
							"port": "3000",
							"path": [
								"api",
								"automation",
								"Linkedindirect",
								"generate-jokes-posts-postsbased"
							]
						}
					},
					"response": []
				},
				{
					"name": "generatejokes for live topic based",
					"request": {
						"method": "POST",
						"header": [],
						"body": {
							"mode": "raw",
							"raw": "{\r\n    \"topic\":\"jobs opening\"\r\n}",
							"options": {
								"raw": {
									"language": "json"
								}
							}
						},
						"url": {
							"raw": "http://localhost:3000/api/automation/Linkedindirect/generate-jokes-live",
							"protocol": "http",
							"host": [
								"localhost"
							],
							"port": "3000",
							"path": [
								"api",
								"automation",
								"Linkedindirect",
								"generate-jokes-live"
							]
						}
					},
					"response": []
				},
				{
					"name": "generatejokes for live posts based",
					"request": {
						"method": "POST",
						"header": [],
						"body": {
							"mode": "raw",
							"raw": "{\r\n    \"topic\":\"jobs opening\"\r\n}",
							"options": {
								"raw": {
									"language": "json"
								}
							}
						},
						"url": {
							"raw": "http://localhost:3000/api/automation/Linkedindirect/generate-jokes-live-postsbased",
							"protocol": "http",
							"host": [
								"localhost"
							],
							"port": "3000",
							"path": [
								"api",
								"automation",
								"Linkedindirect",
								"generate-jokes-live-postsbased"
							]
						}
					},
					"response": []
				}
			]
		},
		{
			"name": "search Hashtag",
			"item": [
				{
					"name": "search group",
					"request": {
						"method": "POST",
						"header": [],
						"body": {
							"mode": "raw",
							"raw": "{\r\n    \"query\":\"ArtificialIntelligenceGroups\"\r\n}",
							"options": {
								"raw": {
									"language": "json"
								}
							}
						},
						"url": {
							"raw": "http://localhost:3000/api/automation/Linkedindirect/searchGroups",
							"protocol": "http",
							"host": [
								"localhost"
							],
							"port": "3000",
							"path": [
								"api",
								"automation",
								"Linkedindirect",
								"searchGroups"
							]
						}
					},
					"response": []
				},
				{
					"name": "search liveusers",
					"request": {
						"method": "POST",
						"header": [],
						"body": {
							"mode": "raw",
							"raw": "{\r\n    \"query\":\"Live\"\r\n}",
							"options": {
								"raw": {
									"language": "json"
								}
							}
						},
						"url": {
							"raw": "http://localhost:3000/api/automation/Linkedindirect/searchLiveUsers",
							"protocol": "http",
							"host": [
								"localhost"
							],
							"port": "3000",
							"path": [
								"api",
								"automation",
								"Linkedindirect",
								"searchLiveUsers"
							]
						}
					},
					"response": []
				},
				{
					"name": "search linkedin post users",
					"request": {
						"method": "POST",
						"header": [],
						"body": {
							"mode": "raw",
							"raw": "{\r\n    \"query\":\"openForBusiness\"\r\n}",
							"options": {
								"raw": {
									"language": "json"
								}
							}
						},
						"url": {
							"raw": "http://localhost:3000/api/automation/Linkedindirect/searchPostUsers",
							"protocol": "http",
							"host": [
								"localhost"
							],
							"port": "3000",
							"path": [
								"api",
								"automation",
								"Linkedindirect",
								"searchPostUsers"
							]
						}
					},
					"response": []
				},
				{
					"name": "search Group users",
					"request": {
						"method": "POST",
						"header": [],
						"body": {
							"mode": "raw",
							"raw": "{\r\n    \"groupUrl\":\"https://www.linkedin.com/groups/101591/members/\"\r\n}",
							"options": {
								"raw": {
									"language": "json"
								}
							}
						},
						"url": {
							"raw": "http://localhost:3000/api/automation/Linkedindirect/searchGroupUsers",
							"protocol": "http",
							"host": [
								"localhost"
							],
							"port": "3000",
							"path": [
								"api",
								"automation",
								"Linkedindirect",
								"searchGroupUsers"
							]
						}
					},
					"response": []
				},
				{
					"name": "hashtags",
					"request": {
						"method": "POST",
						"header": [],
						"body": {
							"mode": "raw",
							"raw": "{\r\n    \"hashtag\":\"openForBusiness\"\r\n}",
							"options": {
								"raw": {
									"language": "json"
								}
							}
						},
						"url": {
							"raw": "http://localhost:3000/api/automation/Linkedindirect/searchHashtag",
							"protocol": "http",
							"host": [
								"localhost"
							],
							"port": "3000",
							"path": [
								"api",
								"automation",
								"Linkedindirect",
								"searchHashtag"
							]
						}
					},
					"response": []
				}
			]
		},
		{
			"name": "save jokes",
			"item": [
				{
					"name": "save jokes in groups",
					"request": {
						"method": "POST",
						"header": [],
						"body": {
							"mode": "raw",
							"raw": "{\r\n    \"topic\":\"AiGroupJokes\"\r\n}",
							"options": {
								"raw": {
									"language": "json"
								}
							}
						},
						"url": {
							"raw": "http://localhost:3000/api/automation/Linkedindirect/save-jokes-groups",
							"protocol": "http",
							"host": [
								"localhost"
							],
							"port": "3000",
							"path": [
								"api",
								"automation",
								"Linkedindirect",
								"save-jokes-groups"
							]
						}
					},
					"response": []
				},
				{
					"name": "save jokes in groups posts based",
					"request": {
						"method": "POST",
						"header": [],
						"body": {
							"mode": "raw",
							"raw": "{\r\n    \"posts\":\"AiGroupJokes\"\r\n}",
							"options": {
								"raw": {
									"language": "json"
								}
							}
						},
						"url": {
							"raw": "http://localhost:3000/api/automation/Linkedindirect/save-jokes-groups",
							"protocol": "http",
							"host": [
								"localhost"
							],
							"port": "3000",
							"path": [
								"api",
								"automation",
								"Linkedindirect",
								"save-jokes-groups"
							]
						}
					},
					"response": []
				},
				{
					"name": "savejokes for posts",
					"request": {
						"method": "POST",
						"header": [],
						"body": {
							"mode": "raw",
							"raw": "{\r\n    \"topic\":\"JobsPosts\"\r\n}",
							"options": {
								"raw": {
									"language": "json"
								}
							}
						},
						"url": {
							"raw": "http://localhost:3000/api/automation/Linkedindirect/save-jokes-posts",
							"protocol": "http",
							"host": [
								"localhost"
							],
							"port": "3000",
							"path": [
								"api",
								"automation",
								"Linkedindirect",
								"save-jokes-posts"
							]
						}
					},
					"response": []
				},
				{
					"name": "savejokes for posts postbased",
					"request": {
						"method": "POST",
						"header": [],
						"body": {
							"mode": "raw",
							"raw": "{\r\n    \"posts\":\"JobsPosts\"\r\n}",
							"options": {
								"raw": {
									"language": "json"
								}
							}
						},
						"url": {
							"raw": "http://localhost:3000/api/automation/Linkedindirect/save-jokes-posts-postbased",
							"protocol": "http",
							"host": [
								"localhost"
							],
							"port": "3000",
							"path": [
								"api",
								"automation",
								"Linkedindirect",
								"save-jokes-posts-postbased"
							]
						}
					},
					"response": []
				},
				{
					"name": "savejokes for live topic based",
					"request": {
						"method": "POST",
						"header": [],
						"body": {
							"mode": "raw",
							"raw": "{\r\n    \"topic\":\"JobsPosts\"\r\n}",
							"options": {
								"raw": {
									"language": "json"
								}
							}
						},
						"url": {
							"raw": "http://localhost:3000/api/automation/Linkedindirect/save-jokes-posts",
							"protocol": "http",
							"host": [
								"localhost"
							],
							"port": "3000",
							"path": [
								"api",
								"automation",
								"Linkedindirect",
								"save-jokes-posts"
							]
						}
					},
					"response": []
				},
				{
					"name": "savejokes for live post based",
					"request": {
						"method": "POST",
						"header": [],
						"body": {
							"mode": "raw",
							"raw": "{\r\n    \"topic\":\"JobsPosts\"\r\n}",
							"options": {
								"raw": {
									"language": "json"
								}
							}
						},
						"url": {
							"raw": "http://localhost:3000/api/automation/Linkedindirect/save-jokes-posts-postbased",
							"protocol": "http",
							"host": [
								"localhost"
							],
							"port": "3000",
							"path": [
								"api",
								"automation",
								"Linkedindirect",
								"save-jokes-posts-postbased"
							]
						}
					},
					"response": []
				}
			]
		},
		{
			"name": "automate commenting",
			"item": [
				{
					"name": "automate comment on posts",
					"request": {
						"method": "POST",
						"header": [],
						"body": {
							"mode": "raw",
							"raw": "{\r\n    \"query\":\"JobsPortal\"\r\n}",
							"options": {
								"raw": {
									"language": "json"
								}
							}
						},
						"url": {
							"raw": "http://localhost:3000/api/automation/Linkedindirect/automate-commenting-posts",
							"protocol": "http",
							"host": [
								"localhost"
							],
							"port": "3000",
							"path": [
								"api",
								"automation",
								"Linkedindirect",
								"automate-commenting-posts"
							]
						}
					},
					"response": []
				},
				{
					"name": "automate comments on group",
					"request": {
						"method": "POST",
						"header": [],
						"body": {
							"mode": "raw",
							"raw": "{\r\n    \"query\":\"ArtificialIntelligenceGroups\"\r\n}",
							"options": {
								"raw": {
									"language": "json"
								}
							}
						},
						"url": {
							"raw": "http://localhost:3000/api/automation/Linkedindirect/automate-commenting-group",
							"protocol": "http",
							"host": [
								"localhost"
							],
							"port": "3000",
							"path": [
								"api",
								"automation",
								"Linkedindirect",
								"automate-commenting-group"
							]
						}
					},
					"response": []
				},
				{
					"name": "automate comment on live",
					"request": {
						"method": "POST",
						"header": [],
						"body": {
							"mode": "raw",
							"raw": "{\r\n    \"query\":\"JobsPortal\"\r\n}",
							"options": {
								"raw": {
									"language": "json"
								}
							}
						},
						"url": {
							"raw": "http://localhost:3000/api/automation/Linkedindirect/automate-commenting-live",
							"protocol": "http",
							"host": [
								"localhost"
							],
							"port": "3000",
							"path": [
								"api",
								"automation",
								"Linkedindirect",
								"automate-commenting-live"
							]
						}
					},
					"response": []
				}
			]
		},
		{
			"name": "login",
			"item": [
				{
					"name": "login",
					"request": {
						"method": "POST",
						"header": [],
						"body": {
							"mode": "raw",
							"raw": "{\r\n    \"email\":\"witchtaxis@gmail.com\",\r\n    \"password\":\"qwerty123AB@\"\r\n}",
							"options": {
								"raw": {
									"language": "json"
								}
							}
						},
						"url": {
							"raw": "http://localhost:3000/api/automation/Linkedindirect/login",
							"protocol": "http",
							"host": [
								"localhost"
							],
							"port": "3000",
							"path": [
								"api",
								"automation",
								"Linkedindirect",
								"login"
							]
						}
					},
					"response": []
				},
				{
					"name": "init",
					"request": {
						"method": "POST",
						"header": [],
						"url": {
							"raw": "http://localhost:3000/api/automation/Linkedindirect/init",
							"protocol": "http",
							"host": [
								"localhost"
							],
							"port": "3000",
							"path": [
								"api",
								"automation",
								"Linkedindirect",
								"init"
							]
						}
					},
					"response": []
				}
			]
		}
	]
}