{
	"info": {
		"_postman_id": "1c3c06a9-bc80-4c26-bca3-bd454625289d",
		"name": "AfreecaLive",
		"schema": "https://schema.getpostman.com/json/collection/v2.1.0/collection.json",
		"_exporter_id": "36549646",
		"_collection_link": "https://beladad-dev-team.postman.co/workspace/search-automation~137cbd88-0550-4835-a635-a27dd1e17a13/collection/36549646-1c3c06a9-bc80-4c26-bca3-bd454625289d?action=share&source=collection_link&creator=36549646"
	},
	"item": [
		{
			"name": "Auth",
			"item": [
				{
					"name": "Login",
					"request": {
						"method": "POST",
						"header": [],
						"body": {
							"mode": "raw",
							"raw": "{\r\n    \"username\": \"beladeddev\",\r\n    \"password\": \"Demopass1?\"\r\n}",
							"options": {
								"raw": {
									"language": "json"
								}
							}
						},
						"url": {
							"raw": "{{server}}/login",
							"host": [
								"{{server}}"
							],
							"path": [
								"login"
							]
						}
					},
					"response": []
				},
				{
					"name": "Logout",
					"request": {
						"method": "GET",
						"header": [],
						"url": {
							"raw": "{{server}}/logout",
							"host": [
								"{{server}}"
							],
							"path": [
								"logout"
							]
						}
					},
					"response": []
				}
			]
		},
		{
			"name": "LiveStream",
			"item": [
				{
					"name": "Add stream title",
					"request": {
						"method": "POST",
						"header": [],
						"body": {
							"mode": "raw",
							"raw": "{\r\n    \"title\": \"New Beladed Broadcast 2\"\r\n   \r\n}",
							"options": {
								"raw": {
									"language": "json"
								}
							}
						},
						"url": {
							"raw": "{{server}}/update-title",
							"host": [
								"{{server}}"
							],
							"path": [
								"update-title"
							]
						}
					},
					"response": []
				},
				{
					"name": "Get Stream Details",
					"request": {
						"method": "GET",
						"header": [],
						"url": {
							"raw": "{{server}}/stream-details",
							"host": [
								"{{server}}"
							],
							"path": [
								"stream-details"
							]
						}
					},
					"response": []
				}
			]
		},
		{
			"name": "search hashtags",
			"item": [
				{
					"name": "search hashtags",
					"request": {
						"method": "POST",
						"header": [],
						"body": {
							"mode": "raw",
							"raw": "{\r\n    \"hashtag\":\"hours \"\r\n}",
							"options": {
								"raw": {
									"language": "json"
								}
							}
						},
						"url": {
							"raw": "{{server}}/search-hashtags",
							"host": [
								"{{server}}"
							],
							"path": [
								"search-hashtags"
							]
						}
					},
					"response": []
				}
			]
		},
		{
			"name": "generate, automate and save jokes",
			"item": [
				{
					"name": "automate commenting vedio",
					"request": {
						"method": "POST",
						"header": [],
						"body": {
							"mode": "raw",
							"raw": "{\r\n    \"hashtag\":\"hours\"\r\n}",
							"options": {
								"raw": {
									"language": "json"
								}
							}
						},
						"url": {
							"raw": "{{server}}/automate-commentingVideo",
							"host": [
								"{{server}}"
							],
							"path": [
								"automate-commentingVideo"
							]
						}
					},
					"response": []
				},
				{
					"name": "generate jokes for vedios and live topics",
					"request": {
						"method": "POST",
						"header": [],
						"body": {
							"mode": "raw",
							"raw": "{\r\n    \"topic\":\"hours\"\r\n}",
							"options": {
								"raw": {
									"language": "json"
								}
							}
						},
						"url": {
							"raw": "{{server}}/generate-jokes-topic",
							"host": [
								"{{server}}"
							],
							"path": [
								"generate-jokes-topic"
							]
						}
					},
					"response": []
				},
				{
					"name": "save-jokes in file",
					"request": {
						"method": "POST",
						"header": [],
						"body": {
							"mode": "raw",
							"raw": "{\r\n    \"topic\":\"VedioHoursJokes\"\r\n}",
							"options": {
								"raw": {
									"language": "json"
								}
							}
						},
						"url": {
							"raw": "{{server}}/save-jokes-topic",
							"host": [
								"{{server}}"
							],
							"path": [
								"save-jokes-topic"
							]
						}
					},
					"response": []
				},
				{
					"name": "save-jokes in file posts",
					"request": {
						"method": "POST",
						"header": [],
						"body": {
							"mode": "raw",
							"raw": "{\r\n    \"posts\":\"VedioHoursJokesPost\"\r\n}",
							"options": {
								"raw": {
									"language": "json"
								}
							}
						},
						"url": {
							"raw": "{{server}}/save-jokes-posts",
							"host": [
								"{{server}}"
							],
							"path": [
								"save-jokes-posts"
							]
						}
					},
					"response": []
				},
				{
					"name": "generate jokes for posts",
					"request": {
						"method": "POST",
						"header": [],
						"body": {
							"mode": "raw",
							"raw": "{\r\n    \"posts\":\"hours\"\r\n}",
							"options": {
								"raw": {
									"language": "json"
								}
							}
						},
						"url": {
							"raw": "{{server}}/generate-jokes-posts",
							"host": [
								"{{server}}"
							],
							"path": [
								"generate-jokes-posts"
							]
						}
					},
					"response": []
				}
			]
		}
	],
	"event": [
		{
			"listen": "prerequest",
			"script": {
				"type": "text/javascript",
				"packages": {},
				"exec": [
					""
				]
			}
		},
		{
			"listen": "test",
			"script": {
				"type": "text/javascript",
				"packages": {},
				"exec": [
					""
				]
			}
		}
	],
	"variable": [
		{
			"key": "server",
			"value": "http://localhost:3000/api/automation/afreecatv",
			"type": "string"
		}
	]
}