{
	"info": {
		"_postman_id": "257a6aa1-e61b-40a3-878d-133e7cf9f868",
		"name": "Medium automation",
		"schema": "https://schema.getpostman.com/json/collection/v2.1.0/collection.json",
		"_exporter_id": "36549646"
	},
	"item": [
		{
			"name": "Login/logout",
			"item": [
				{
					"name": "New Request",
					"request": {
						"method": "POST",
						"header": [],
						"body": {
							"mode": "raw",
							"raw": "{\r\n    \"email\":\"70128235@student.uol.edu.pk\",\r\n    \"password\":\"ALOC2352\"\r\n}",
							"options": {
								"raw": {
									"language": "json"
								}
							}
						},
						"url": {
							"raw": "http://localhost:3000/api/automation/medium/login",
							"protocol": "http",
							"host": [
								"localhost"
							],
							"port": "3000",
							"path": [
								"api",
								"automation",
								"medium",
								"login"
							]
						}
					},
					"response": []
				},
				{
					"name": "http://localhost:3000/api/automation/meetup/logout",
					"request": {
						"method": "POST",
						"header": [],
						"url": {
							"raw": "http://localhost:3000/api/automation/meetup/logout",
							"protocol": "http",
							"host": [
								"localhost"
							],
							"port": "3000",
							"path": [
								"api",
								"automation",
								"meetup",
								"logout"
							]
						}
					},
					"response": []
				}
			]
		},
		{
			"name": "POst work",
			"item": [
				{
					"name": "http://localhost:3000/api/automation/meetup/postwork",
					"request": {
						"method": "POST",
						"header": [],
						"body": {
							"mode": "raw",
							"raw": "{\r\n    \"title\":\"This is page\",\r\n    \"context\":\"writing to tell my story about the lost girl\"\r\n}",
							"options": {
								"raw": {
									"language": "json"
								}
							}
						},
						"url": {
							"raw": "http://localhost:3000/api/automation/meetup/postwork",
							"protocol": "http",
							"host": [
								"localhost"
							],
							"port": "3000",
							"path": [
								"api",
								"automation",
								"meetup",
								"postwork"
							]
						}
					},
					"response": []
				}
			]
		},
		{
			"name": "search hashtag",
			"item": [
				{
					"name": "New Request",
					"request": {
						"method": "POST",
						"header": [],
						"body": {
							"mode": "raw",
							"raw": "{\r\n    \"hashtag\":\"working\"\r\n}",
							"options": {
								"raw": {
									"language": "json"
								}
							}
						},
						"url": {
							"raw": "http://localhost:3000/api/automation/medium/search-hashtag",
							"protocol": "http",
							"host": [
								"localhost"
							],
							"port": "3000",
							"path": [
								"api",
								"automation",
								"medium",
								"search-hashtag"
							]
						}
					},
					"response": []
				}
			]
		},
		{
			"name": "generate, save ,automate",
			"item": [
				{
					"name": "generate topic jokesz",
					"request": {
						"method": "POST",
						"header": [],
						"body": {
							"mode": "raw",
							"raw": "{\r\n    \"topic\":\"working\"\r\n}",
							"options": {
								"raw": {
									"language": "json"
								}
							}
						},
						"url": {
							"raw": "http://localhost:3000/api/automation/medium/generate-jokes-topic",
							"protocol": "http",
							"host": [
								"localhost"
							],
							"port": "3000",
							"path": [
								"api",
								"automation",
								"medium",
								"generate-jokes-topic"
							]
						}
					},
					"response": []
				},
				{
					"name": "generate posts jokes",
					"request": {
						"method": "POST",
						"header": [],
						"body": {
							"mode": "raw",
							"raw": "{\r\n    \"posts\":\"working\"\r\n}",
							"options": {
								"raw": {
									"language": "json"
								}
							}
						},
						"url": {
							"raw": "http://localhost:3000/api/automation/medium/generate-jokes-posts",
							"protocol": "http",
							"host": [
								"localhost"
							],
							"port": "3000",
							"path": [
								"api",
								"automation",
								"medium",
								"generate-jokes-posts"
							]
						}
					},
					"response": []
				},
				{
					"name": "save jokes topic",
					"request": {
						"method": "POST",
						"header": [],
						"body": {
							"mode": "raw",
							"raw": "{\r\n    \"topic\":\"working\"\r\n}",
							"options": {
								"raw": {
									"language": "json"
								}
							}
						},
						"url": {
							"raw": "http://localhost:3000/api/automation/medium/save-jokes-topic",
							"protocol": "http",
							"host": [
								"localhost"
							],
							"port": "3000",
							"path": [
								"api",
								"automation",
								"medium",
								"save-jokes-topic"
							]
						}
					},
					"response": []
				},
				{
					"name": "save jokes posts",
					"request": {
						"method": "POST",
						"header": [],
						"body": {
							"mode": "raw",
							"raw": "{\r\n    \"posts\":\"working\"\r\n}",
							"options": {
								"raw": {
									"language": "json"
								}
							}
						},
						"url": {
							"raw": "http://localhost:3000/api/automation/medium/save-jokes-topic",
							"protocol": "http",
							"host": [
								"localhost"
							],
							"port": "3000",
							"path": [
								"api",
								"automation",
								"medium",
								"save-jokes-topic"
							]
						}
					},
					"response": []
				},
				{
					"name": "automate",
					"request": {
						"method": "POST",
						"header": [],
						"body": {
							"mode": "raw",
							"raw": "{\r\n    \"hashtag\":\"working\"\r\n}",
							"options": {
								"raw": {
									"language": "json"
								}
							}
						},
						"url": {
							"raw": "http://localhost:3000/api/automation/meetup/automate-commenting",
							"protocol": "http",
							"host": [
								"localhost"
							],
							"port": "3000",
							"path": [
								"api",
								"automation",
								"meetup",
								"automate-commenting"
							]
						}
					},
					"response": []
				}
			]
		}
	]
}