{
	"info": {
		"_postman_id": "e21adb0f-7d60-4594-a1ef-2d51bab4b727",
		"name": "Outlook",
		"schema": "https://schema.getpostman.com/json/collection/v2.1.0/collection.json",
		"_exporter_id": "36549646"
	},
	"item": [
		{
			"name": "Login,init,logout ,otp",
			"item": [
				{
					"name": "init",
					"request": {
						"method": "POST",
						"header": [],
						"url": {
							"raw": "http://localhost:3000/init",
							"protocol": "http",
							"host": [
								"localhost"
							],
							"port": "3000",
							"path": [
								"init"
							]
						}
					},
					"response": []
				},
				{
					"name": "login",
					"request": {
						"method": "POST",
						"header": [],
						"body": {
							"mode": "raw",
							"raw": "{\r\n    \"email\":\"afifabutt2003@gmail.com\",\r\n    \"password\":\"Developer.123456\"\r\n    // if it requires otp then comment the password \r\n}",
							"options": {
								"raw": {
									"language": "json"
								}
							}
						},
						"url": {
							"raw": "http://localhost:3000/login",
							"protocol": "http",
							"host": [
								"localhost"
							],
							"port": "3000",
							"path": [
								"login"
							]
						}
					},
					"response": []
				},
				{
					"name": "otp",
					"request": {
						"method": "POST",
						"header": [],
						"body": {
							"mode": "raw",
							"raw": "{\r\n    \"otpSelector\":\"\"\r\n}",
							"options": {
								"raw": {
									"language": "json"
								}
							}
						},
						"url": {
							"raw": "http://localhost:3000/handle-otp",
							"protocol": "http",
							"host": [
								"localhost"
							],
							"port": "3000",
							"path": [
								"handle-otp"
							]
						}
					},
					"response": []
				}
			]
		},
		{
			"name": "search inbox and sent hashtag",
			"item": [
				{
					"name": "search inbox",
					"request": {
						"method": "POST",
						"header": [],
						"body": {
							"mode": "raw",
							"raw": "{\r\n    \"hashtag\":\"call\"\r\n}",
							"options": {
								"raw": {
									"language": "json"
								}
							}
						},
						"url": {
							"raw": "http://localhost:3000/search/hashtag/inbox",
							"protocol": "http",
							"host": [
								"localhost"
							],
							"port": "3000",
							"path": [
								"search",
								"hashtag",
								"inbox"
							]
						}
					},
					"response": []
				},
				{
					"name": "search sent",
					"request": {
						"method": "POST",
						"header": [],
						"body": {
							"mode": "raw",
							"raw": "{\r\n    \"hashtag\":\"introducing\"\r\n}",
							"options": {
								"raw": {
									"language": "json"
								}
							}
						},
						"url": {
							"raw": "http://localhost:3000/search/hashtag/sent",
							"protocol": "http",
							"host": [
								"localhost"
							],
							"port": "3000",
							"path": [
								"search",
								"hashtag",
								"sent"
							]
						}
					},
					"response": []
				}
			]
		},
		{
			"name": "check duplicate email",
			"item": [
				{
					"name": "check dup email",
					"request": {
						"method": "POST",
						"header": [],
						"body": {
							"mode": "raw",
							"raw": "{\r\n    \"to\":\"xyz51582@outlook.com\",\r\n    \"subject\":\"welcome to team hub\"\r\n}",
							"options": {
								"raw": {
									"language": "json"
								}
							}
						},
						"url": {
							"raw": "http://localhost:3000/check-duplicate-email",
							"protocol": "http",
							"host": [
								"localhost"
							],
							"port": "3000",
							"path": [
								"check-duplicate-email"
							]
						}
					},
					"response": []
				},
				{
					"name": "send email",
					"request": {
						"method": "POST",
						"header": [],
						"body": {
							"mode": "raw",
							"raw": "{\r\n    \"to\":\"afifabutt2003@outlook.com\",\r\n    \"subject\":\"this is my first account\",\r\n    \"body\":\"here is the first account\",\r\n    \"checkForDuplicates\":true\r\n}",
							"options": {
								"raw": {
									"language": "json"
								}
							}
						},
						"url": {
							"raw": "http://localhost:3000/sendEmail",
							"protocol": "http",
							"host": [
								"localhost"
							],
							"port": "3000",
							"path": [
								"sendEmail"
							]
						}
					},
					"response": []
				}
			]
		},
		{
			"name": "http://localhost:3000/generateEmail",
			"request": {
				"method": "POST",
				"header": [],
				"body": {
					"mode": "raw",
					"raw": "{\r\n    \"subject\": \"pattern collection\",\r\n    \"body\": \"here is the pattern collection\",\r\n    \"recipients\": \"xyz51582@outlook.com\"\r\n}",
					"options": {
						"raw": {
							"language": "json"
						}
					}
				},
				"url": {
					"raw": "http://localhost:3000/generateEmail",
					"protocol": "http",
					"host": [
						"localhost"
					],
					"port": "3000",
					"path": [
						"generateEmail"
					]
				}
			},
			"response": []
		}
	]
}