{
	"info": {
		"_postman_id": "66d930f2-612b-491e-8ae7-cab4b519ed15",
		"name": "BreakersLive",
		"schema": "https://schema.getpostman.com/json/collection/v2.1.0/collection.json",
		"_exporter_id": "14216399"
	},
	"item": [
		{
			"name": "Auth",
			"item": [
				{
					"name": "Login",
					"request": {
						"method": "POST",
						"header": [],
						"body": {
							"mode": "raw",
							"raw": "{\r\n    \"username\": \"beladeddev\",\r\n    \"password\": \"Demopass1?\"\r\n}",
							"options": {
								"raw": {
									"language": "json"
								}
							}
						},
						"url": {
							"raw": "{{server}}/login",
							"host": [
								"{{server}}"
							],
							"path": [
								"login"
							]
						}
					},
					"response": []
				},
				{
					"name": "Logout",
					"request": {
						"method": "GET",
						"header": [],
						"url": {
							"raw": "{{server}}/logout",
							"host": [
								"{{server}}"
							],
							"path": [
								"logout"
							]
						}
					},
					"response": []
				}
			]
		},
		{
			"name": "LiveStream",
			"item": [
				{
					"name": "Create Livestream",
					"request": {
						"method": "POST",
						"header": [],
						"body": {
							"mode": "raw",
							"raw": "{\r\n    \"description\": \"New Beladed Broadcast\"\r\n}",
							"options": {
								"raw": {
									"language": "json"
								}
							}
						},
						"url": {
							"raw": "{{server}}/update-description",
							"host": [
								"{{server}}"
							],
							"path": [
								"update-description"
							]
						}
					},
					"response": []
				},
				{
					"name": "Get Live Stream details",
					"request": {
						"method": "GET",
						"header": [],
						"url": {
							"raw": "{{server}}/stream-details",
							"host": [
								"{{server}}"
							],
							"path": [
								"stream-details"
							]
						}
					},
					"response": []
				}
			]
		}
	],
	"event": [
		{
			"listen": "prerequest",
			"script": {
				"type": "text/javascript",
				"packages": {},
				"exec": [
					""
				]
			}
		},
		{
			"listen": "test",
			"script": {
				"type": "text/javascript",
				"packages": {},
				"exec": [
					""
				]
			}
		}
	],
	"variable": [
		{
			"key": "server",
			"value": "http://localhost:3000/api/automation/breakers",
			"type": "string"
		}
	]
}